αὐτοῦ	here
ζηλωτής	zealot
ζῆλος	zeal
νεότης	youth
σεαυτοῦ	yourself
νεανίας	young man
νεανίσκος	young man
ὀνάριον	young donkey
νοσσίον	young (of a bird)
νοσσός	young (of a bird)
σύ	you
σύζυγος	yokefellow
ζεῦγος	yoke
ζυγός	yoke
ἐχθές	yesterday
χθές	yesterday
ναί	yes
ζύμη	yeast
ἐνιαυτός	year
ἔτος	year
παρανομία	wrongdoing
κακοποιός	wrongdoing
ἄτοπος	wrong
χειρόγραφον	written code
γραπτός	written
ῥυτίς	wrinkle
ταλαίπωρος	wretched
στέμμα	wreath
θυμός	wrath
ὀργή	wrath
στέφανος	Stephen
ὑφαντός	woven
μώλωψ	wound
σεμνός	worthy of respect
εὐλογητός	worthy of being praised
ἀχρεῖος	worthless
μάταιος	worthless
προσκυνητής	worshiper
λατρεία	worship
θεοσέβεια	worship of God
χείρων	worse (than)
μέριμνα	worry
ἀψίνθιον	wormwood
σκώληξ	worm
κόσμος	world: earth
ἐνέργεια	working
ἐνέργημα	working
ἐργάτης	worker
ἔργον	work
λόγος	word
ῥῆμα	word
ἔπος	word
ἔριον	wool
ξύλον	wood
θαυμάσιος	wonderful
θαυμαστός	wonderful
τέρας	wonder
θαῦμα	wonder
μήτρα	womb
γυνή	woman
Συροφοινίκισσα	woman of Syrian Phoenicia
λύκος	wolf
οὐαί	woe!
μάρτυς	witness
ἄνευ	without
ἄτερ	without
ἀμάρτυρος	without testimony
ἄσπιλος	without spot
ἀναμάρτητος	without sin
ἀκρατής	without self-control
ἀμεταμέλητος	without regret
κενῶς	empty
ἀναντιρρήτως	undeniable
ἄστοργος	without love
ἄτιμος	without honor
ἀκωλύτως	without hinderance
ἀγενεαλόγητος	without genealogy
ἄπταιστος	without falling
ἀναπολόγητος	without excuse
ἀμήτωρ	without a mother
ἄθεος	without God
ἀφυστερέω	withhold
σύν	with
πανοικεί	with one's whole family
αὐτόχειρ	with one's own hand
παμπληθεί	with one voice
μόλις	with difficulty
βαρέως	with difficulty
ῥοιζηδόν	with a roar
φαρμακεία	witchcraft
νουνεχῶς	wisely
σοφός	wise
φρόνησις	wisdom
σοφία	wisdom (either secular or divine). Christ is called <i>the wisdom of God</i> in <a href="B:530 1:24">1Co 1:24</a>
χειμών	winter
πτύον	winnowing fork or shovel
πτέρυξ	wing
ἀσκός	wineskin
ληνός	winepress
ὄξος	wine vinegar
οἶνος	wine
ὑπολαμπάς	window
θυρίς	window
ἄνεμος	wind
πνεῦμα	wind
πνοή	wind
ἀφθονία	willingness
ἑκουσίως	spontaneous
κοινωνικός	willing to share
θέλημα	will
θέλησις	will
ἀσώτως	wildly
ἄγριος	wild
ἀγριέλαιος	wild olive tree
πλάτος	width
χήρα	widow
πλατύς	wide
ἀνομία	wickedness
ἀδικία	wickedness
διατί	why?
ἱνατί	why?
εὔνοια	wholeheartedness
ὁλόκληρος	whole
ὅστις	who
λευκός	white
λευκοβύσσινος	white linen
ψιθυρισμός	whispering gossip
φραγέλλιον	whip
ἔννυχος	while it is still dark
πότερον	whether
ποῦ	somewhere
οὗ	where
ὅπου	where
κατοίκησις	where one lives
κατοικία	where one lives
ἐπειδή	when
ὅτε	when
ὅταν	when
ἡνίκα	when
ἐπάν	when
ὁπότε	when
τροχός	wheel
σῖτος	wheat
δήποτε	whatever
ποῖος	what?
οἷος	what sort of
ἐνδώμησις	construction
ἐπιούσιος	what recurs on a day to day basis
ὁποῖος	what kind of
πτηνός	what is winged or feathered
σπόριμος	what is sown
ποίημα	what is made
ὑστέρημα	what is lacking
πλάσμα	what is formed
δυσμή	west (setting of the sun)
δύσις	west
εὖ	well
φρέαρ	well
εὖγε	well done!
φιλόφρων	well disposed
ταλαντιαῖος	weighing a talent (about 57 to 80 lbs.)
κλαυθμός	weeping
ζιζάνιον	weed
γάμος	wedding banquet (a festive time in the community)
περίθεσις	wearing
οὐσία	wealth
κτῆμα	wealth
μαμωνᾶς	wealth
τιμιότης	wealth
ἀσθένεια	weakness
γυναικάριον	weak-willed woman
ἀσθενής	weak
ἔκβασις	way out
ἀγωγή	way of life
ἀναστροφή	way of life
κηρίον	wax
κῦμα	waves
ὑδρία	water jar
ὕδωρ	water
λουτρόν	washing
νουθεσία	warning
ἀσμένως	warmly
στρατεία	warfare
πόλεμος	war
πλανήτης	wanderer
κυλισμός	wallowing
κύλισμα	wallowing
τεῖχος	wall
τοῖχος	wall
ἀπεκδέχομαι	wait eagerly for
ὀσφῦς	waist
μισθός	wage
πλόος	voyage
πλοῦς	voyage
εὐχή	vow
ἐξέραμα	vomit
ἑκών	voluntarily
φθόγγος	voice
φωνή	voice
παρθενία	virginity
παρθένος	virgin (male and female)
ἔχιδνα	viper
ἀσπίς	viper
σφοδρῶς	violently
βίαιος	violent
πλήκτης	violent man
ἀμπελών	vineyard
ἄμπελος	vine
κώμη	(long) hair
κωμόπολις	village
νίκη	victory
νῖκος	victory
σφόδρα	very
λεπτός	very small copper coin
λίαν	very much
μέγιστος	very great
πάμπολυς	very great
βαρύτιμος	very expensive
δηλαυγῶς	very clearly
κάλυμμα	veil
εὐτόνως	vehemently
ὠφέλεια	value
ὠφέλιμος	valuable
χειμάρρους	valley
φάραγξ	valley
κενοδοξία	vain conceit
ἀπόχρησις	using up
ἄχρηστος	useless
παραδιατριβή	useless occupation
ἀνόνητος	useless
εὔχρηστος	useful
ὑπερῷον	upstairs room
θόρυβος	uproar
σύγχυσις	uproar
ἐπισύστασις	uprising
ἀνάγαιον	upper room
ἕως	up to
ἄσοφος	unwise
ἄνιπτος	unwashed
ἄχρι	until
μέχρι	until
μέχρις	until
ἀκλινής	unswerving
ἀνεύθετος	unsuitable
ἀστήρικτος	unstable
ἀκατάστατος	unstable
ἄγναφος	unshrunk
ἀσάλευτος	unshakable
ἀνεξεραύνητος	unsearchable
ἀνεξιχνίαστος	unsearchable
ἀγράμματος	unschooled
ἀμετανόητοςς	unrepentant
ἄλογος	unreasonable
ἄσβεστος	unquenchable
ἀνωφελής	unprofitable
ἀσχήμων	unpresentable
ἀπαρασκεύαστος	unprepared
ἄγαμος	unmarried (man or woman)
ἄζυμος	unleavened
ἀθέμιτος	unlawful
ἄγνωστος	unknown
ἀδίκως	unjust
ἀδικοκρίτης	unjust judge
ἑνότης	unity
ὁμοθυμαδόν	united
σύμφυτος	united
σύμψυχος	united in spirit
ἀνόσιος	unholy
ἀχάριστος	ungrateful
ἀσεβής	ungodly
ἀσέβεια	ungodliness
ἄκαρπος	unfruitful
ἄσπονδος	unforgiving
ἀμαράντινος	unfading
ἀπερισπάστως	undivided
ἄκρατος	undiluted (of wine not watered down)
ἐπιστήμη	understanding
σύνεσις	understanding
ἐπιστήμων	understanding
κατωτέρω	under
καταχθόνιος	under the earth
ἀκατακάλυπτος	uncovered
ἀκατάσχετος	uncontrollable
ἀκατάκριτος	uncondemned
ἀκαθάρτης	uncleanness
ἀκάθαρτος	unclean
ἀκροβυστία	uncircumcision
ἀπερίτμητος	uncircumcised (with a possible implication of being stubborn and obstinate)
ἀμετάθετος	unchangeable
ἀδηλότης	uncertainty
ἀκατάπαστος	unceasing
ἄμωμοςς	unblemished
ἄπιστος	unbelieving
ἀπιστία	unbelief
ἀνεπαίσχυντος	unashamed
ἀπρόσιτος	unapproachable
ἀλυσιτελής	unadvantageous
κωφός	unable to talk or speak
δίδραχμον	two-drachma (temple tax)
διετής	two years old
διετία	two years
δισχίλιοι	two thousand
ιβ᾿	two letters representing the number twelve
διακόσιοι	two hundred
δύο	two
ῥιπή	twinkling
δίς	twice
δισμυριάς	twenty thousand
εἴκοσι	twenty
δωδεκάφυλον	twelve tribes
δεκαδύο	twelve
δώδεκα	twelve
δωδέκατος	twelfth
ἀποστασία	turning away
τάγμα	turn
χιτών	tunic
ἀλήθεια	truth
σαλπιστής	trumpeter
σάλπιγξ	trumpet
ἀληθῶς	truly
ἦ	letter of the Greek alphabet
ἀληθής	true
ἀληθινός	true
θλῖψις	trouble
ῥᾳδιουργία	trickery
φυλή	tribe
παράπτωμα	trespass
τρόμος	trembling
ἔκτρομος	trembling
ἔντρομος	trembling
δένδρον	tree
γαζοφυλάκιον	treasury
γάζα	Gaza
θησαυρός	treasure
συνέκδημος	traveling companion
πήρα	traveler's bag
παγίς	trap
θήρα	trap
διαυγής	transparent
διαφανής	transparent
ἑρμηνευτής	translator
παράβασις	transgression
προδότης	traitor
γυμνασία	training
παράδοσις	tradition
ἐργασία	trade
πύργος	tower
λέντιον	towel
σάλος	tossing motion
βασανιστής	torturer
βασανισμός	torment
βάσανος	torment
φανός	torch
τοπάζιον	topaz (a bright yellow precious stone)
ὀδούς	tooth
γλῶσσα	tongue
αὔριον	tomorrow
μνημεῖον	tomb
τάφος	tomb
ἀνοχή	tolerance
μόχθος	toil
ἅμα	together
ὁμόσε	together
ὁμοῦ	together
σήμερον	today
εἰς	to
ἑτεροζυγέω	to yoke together in a mismatch
ὑπερβαίνω	to wrong
καταγράφω	to write
ἐγγράφω	to write in
προγράφω	to write beforehand
ἐπιστέλλω	to write a letter
γράφω	to write
συστέλλω	to wrap up
ἐντυλίσσω	to wrap up (a body)
ἐνειλέω	to wrap in
διαζώννυμι	to wrap around
περιδέω	to wrap around
σπαργανόω	to wrap (in cloth)
τραυματίζω	to wound
εὐσεβέω	to worship
προσκυνέω	to worship
σεβάζομαι	to worship
μεριμνάω	to worry
προμεριμνάω	to worry or be anxious beforehand
προμελετάω	to worry beforehand
μετεωρίζομαι	to worry about
ἐνδύνω	to worm one's way
κοπιάω	to work
ἐργάζομαι	to work
συνεργέω	to work together
ἐκθαυμάζω	to wonder
ξηραίνω	to wither
ὑποχωρέω	to withdraw
ἀναχωρέω	to withdraw
βούλομαι	to wish
ἐκμάσσω	to wipe off
ἀπομάσσω	to wipe off (this refers to an action of protest)
ἐξαλείφω	to wipe away
θέλω	to will
δέχομαι	to welcome
ἐπιδέχομαι	to welcome
ὑποδέχομαι	to welcome
ἀποδέχομαι	to welcome
δακρύω	to weep
κλαίω	to weep
ὑφαίνω	to weave
φορέω	to wear
ὑπωπιάζω	to wear out
προσέχω	to watch out
σκοπέω	to watch out for
παρατηρέω	to watch closely
νίπτω	to wash
λούω	to wash
ἀποπλύνω	to wash off
ἀπονίπτω	to wash off
ἀπολούω	to wash away
πλύνω	to wash (things)
χρηματίζω	to warn
παραινέω	to warn
νουθετέω	to warn
ἐμβριμάομαι	to warn sternly
ἀστοχέω	to wander away
ἐμπεριπατέω	to walk among
περιπατέω	to walk (around)
ἐξυπνίζω	to wake up
ἐνεδρεύω	to wait in ambush
ἐκδέχομαι	to wait for
ἀναμένω	to wait for
περιμένω	to wait for
ὀλολύζω	to wail
ἀντιστρατεύομαι	to wage war against
ἐπισκέπτομαι	to visit
παρανομέω	to violate the law
ἐρεύγομαι	to utter
παραβιάζομαι	to urge strongly
ἐπισείω	to urge on
ἐκριζόω	to uproot
ἀνακαλύπτω	to unveil
ἀναπτύσσω	to unroll (a scroll)
ἀποφορτίζομαι	to unload
νοέω	to understand
συνίημι	to understand
ἐπίσταμαι	to understand
ὑποζώννυμι	to undergird
πλέκω	to twist together
στρέφω	to turn
μετάγω	to turn
πικραίνω	to turn sour
ὑποστρέφω	to turn back toward
ἐκτρέπω	to turn away
ἐκκλίνω	to turn away
ἀποστρέφω	to turn away from
διχάζω	to turn (one against another)
ἐπιστρέφω	to turn (around
πειράω	to try
πεῖρα	to try to do
ἀνασκευάζω	to trouble
ταράσσω	to trouble
τρέμω	to tremble
ἀπονέμω	to treat with
ἐξουθενέω	to treat with contempt
ἀτιμάω	to treat shamefully
ἀλοάω	to tread
συνοδεύω	to travel with
πλέω	to travel by ship
ὁδεύω	to travel
παγιδεύω	to trap
μεταφυτεύω	to transplant
ἑρμηνεύω	to translate
μεθερμηνεύω	to translate
πατέω	to trample on
καταπατέω	to trample (an action that can show disdain)
γυμνάζω	to train
σωφρονίζω	to train
γενεαλογέω	to trace genealogical descent
ἅπτω	to touch
ψηλαφάω	to touch
ἐπιψαύω	to touch
θιγγάνω	to touch
προσψαύω	to touch
βασανίζω	to torture
ἀποδεκατεύω	to tithe
δέω	to tie
δεσμέω	to tie
δεσμεύω	to tie up
βάλλω	to throw
ῥίπτω	to throw
ῥήσσω	to throw violently
λιθοβολέω	to throw stones
ἐπιρίπτω	to throw on
ῥιπτέω	to throw off
συνταράσσω	to throw into confusion
ἐκταράσσω	to throw into an uproar
ἐμβάλλω	to throw into
κατακρημνίζω	to throw down a cliff
ἀποβάλλω	to throw away
ἀπειλέω	to threaten
προσαπειλέω	to threaten further
ὑπερνικάω	to thoroughly conquer
διαλογίζομαι	to think
ὑπονοέω	to think
νομίζω	to think
οἶμαι	to think
φρονέω	to think
διενθυμέομαι	to think
δοκέω	to think
ὑπερφρονέω	to think too highly of oneself
χαμαί	to the ground
εὐχαριστέω	to thank
μαρτυρέω	to testify
μαρτύρομαι	to testify
συμμαρτυρέω	to testify with
ἐπιμαρτυρέω	to testify that
συνεπιμαρτυρέω	to testify at the same time
δοκιμάζω	to test
πειράζω	to test
ἐκπειράζω	to test
ἀπαγγέλλω	to tell
διηγέομαι	to tell
ἀναγγέλλω	to tell
ἐξηγέομαι	to tell
ἀναγνωρίζω	to tell
διασαφέω	to tell
προλέγω	to tell beforehand
ἐκδιηγέομαι	to tell
ἐκλαλέω	to tell
σχίζω	to tear
διαρθρόω	to tear
διαρήσσω	to tear
διαρρήγνυμι	to tear (clothes)
διδάσκω	to teach
ἑτεροδιδασκαλέω	to teach false doctrine
γεύομαι	to taste
δαμάζω	to tame
ὁμιλέω	to talk
συλλαλέω	to talk with
συνομιλέω	to talk with
προσλαλέω	to talk with
ἀνταποκρίνομαι	to talk back
διαλαλέω	to talk about
λαμβάνω	to take
παραλαμβάνω	to take with
ὑπολαμβάνω	to take up
αἴρω	to take up
ἀναλαμβάνω	to take up
τυγχάνω	to take part in
ἐκβάλλω	to take out
ἐνανθρωπέω	to take on human form
ἀπεκδύομαι	to take off
ἐναγκαλίζομαι	to take in one's arms
ἐπιλαμβάνομαι	to take hold
ἀλληγορέω	to take figuratively
καθαιρέω	to take down
ἐπιμελέομαι	to take care of
κηδεύω	to take care of
αἰχμαλωτίζω	to take captive
αἰχμαλωτεύω	to take captive
συλαγωγέω	to take captive
προλαμβάνω	to take beforehand
περιαιρέω	to take away
παραφέρω	to take away
ἀφαιρέω	to take away from
ἀπαίρω	to take away
προσλαμβάνω	to take aside
συμπαραλαμβάνω	to take along with
βολίζω	to take a sounding (a nautical technical term)
χρονίζω	to take a long time
ἀπογράφω	to take a census
συμπαθέω	to sympathize with
ἐκκολυμβάω	to swim away
κολυμβάω	to swim
πίμπρημι	to swell
σαρόω	to sweep
ὄμνυμι	to swear
καταπίνω	to swallow
κυκλόω	to surround: gather around
συμπεριέχω	to surround
περίκειμαι	to surround
κυκλεύω	to surround
οἴομαι	to suppose
ἐπιχορηγέω	to support
χορηγέω	to supply
προσαναπληρόω	to supply
μεταπέμπω	to summon
συμπάσχω	to suffer with
κακοπαθέω	to suffer trouble
συγκακοπαθέω	to suffer together with
ὠδίνω	to suffer the pains of childbirth
προπάσχω	to suffer previously
ὑπείκω	to submit
παραδειγματίζω	to subject to public disgrace
πταίω	to stumble
ἀνταγωνίζομαι	to struggle against
ἀσκέω	to strive
περιρήγνυμι	to strip off
ἐκδύω	to strip off clothing
ῥαπίζω	to strike
παίω	to strike
προσκόπτω	to strike
τύπτω	to strike
κολαφίζω	to strike with the fists
προσρήγνυμι	to strike upon
προσρήσσω	to strike upon
κεφαλαιόω	to strike on the head
κεφαλιόω	to strike on the head
προσπαίω	to strike against
ἐκτείνω	to stretch out
προτείνω	to stretch out
σθενόω	to strengthen
στηρίζω	to strengthen
ἐνισχύω	to strengthen (another)
ἐπιστηρίζω	to strengthen
ἐπεκτείνομαι	to strain toward
διυ&λίζω	to strain out
ἀνακύπτω	to straighten up
ἐπιδιορθόω	to straighten out
θησαυρίζω	to store up
ἀποθησαυρίζω	to store up treasure
διαλείπω	to stop
διαλιμπάνω	to stop
κατακύπτω	to stoop down
κύπτω	to stoop down
καταλιθάζω	to stone to death
λιθάζω	to stone
ἐρεθίζω	to stir up
ἀνασείω	to stir up
ἐπεγείρω	to stir up
συγκινέω	to stir up
ἐρείδω	to stick fast
ἐπιμένω	to stay
διατρίβω	to stay
μένω	to stay
καταμένω	to stay
συμπαραμένω	to stay with (someone) to help
ὑπομένω	to stay behind
θορυβέω	to start a riot
στήκω	to stand
ἐξέχω	to stand out
περιΐστημι	to stand around
κατασκοπέω	to spy on
βλαστάνω	to sprout
ἐκβλαστάνω	to sprout up
ῥαντίζω	to sprinkle
ἐξανατέλλω	to spring up
στρώννυμι	to spread out
στρωννύω	to spread out
ὑποστρωννύω	to spread out
διαφημίζω	to spread news about
φημίζω	to spread (news) by saying
ἐμέω	to spit out
ἐμπτύω	to spit on
πτύω	to spit (saliva)
νήθω	to spin (yarn)
δαπανάω	to spend
χρονοτριβέω	to spend time
παραχειμάζω	to spend the winter
αὐλίζομαι	to spend the night
διανυκτερεύω	to spend the (entire) night
προσαναλίσκω	to spend lavishly or in addition
προσαναλόω	to spend lavishly or in addition
προσδαπανάω	to spend extra
λαλέω	to speak
φθέγγομαι	to speak
παρρησιάζομαι	to speak boldly
ἀντιλέγω	to speak against
καταλαλέω	to speak against
φείδομαι	to spare
σπείρω	to sow seed
ἐπισπείρω	to sow afterward
σαλπίζω	to sound a trumpet
χλευάζω	to sneer
ἐκμυκτηρίζω	to sneer at
παρεισδύω	to slip in secretly
ἐκνεύω	to slip away
καθεύδω	to sleep
κάθημαι	to sit
συγκάθημαι	to sit with
ἀνακαθίζω	to sit up (from a reclining or lying position)
καθέζομαι	to sit down
συγκαθίζω	to sit down together
παρακαθίζω	to sit down beside
ἐπικαθίζω	to sit down (upon)
παρακαθέζομαι	to sit beside
περικαθίζω	to sit around
ψάλλω	to sing hymns
ὑμνέω	to sing hymns
θρηνέω	to sing a funeral dirge
ᾄδω	to sing
ἁμαρτάνω	to sin
προαμαρτάνω	to sin earlier
ἐπιστομίζω	to silence
κατανεύω	to signal
ἀναστενάζω	to sigh deeply
σινιάζω	to sift
φράσσω	to shut
φρίσσω	to shudder
ὑποδείκνυμι	to show
ὑποδεικνύω	to show
ἐμφανίζω	to show
δεικνύω	to show
δείκνυμι	to show
ἐνδείκνυμι	to show
ἐπιδείκνυμι	to show
ἀναδείκνυμι	to show
ἐλεάω	to show mercy
ξενοδοχέω	to show hospitality
προσωπολημπτέω	to show favoritism
προσωποληπτέω	to show favoritism
ἐπεῖδον	to show favor
ἐπιφωνέω	to shout
κραυγάζω	to shout
ἐπικράζω	to shout threats
καταφωνέω	to shout at
κατατοξεύω	to shoot down
καταυγάζω	to shine upon
ἐπιλάμπω	to shine out
ἐπιφαύσκω	to shine on
περιλάμπω	to shine around
ἐκλάμπω	to shine
ὑπερασπίζω	to shield
ποιμαίνω	to shepherd
συγκοινωνέω	to share with
συμμερίζω	to share with
σύνοιδα	to share knowledge with
μεταλαμβάνω	to share in
κοινωνέω	to share in
μετέχω	to share in
σαλεύω	to shake up
ἀποτινάσσω	to shake off
ἐκτινάσσω	to shake off
ἐπιράπτω	to sew on
ἐπισυρράπτο	to sew on
εὐνοέω	to settle matters by coming to terms
συναίρω	to settle (monetary accounts)
πήγνυμι	to set up
ἐκπυρόω	to set on fire
ἀνάπτω	to set on fire
φλογίζω	to set on fire
ἐλευθερόω	to set free
ἀνατίθημι	to set before
δύνω	to set (of the sun)
προσεδρεύω	to serve
διακονέω	to serve
θεραπεύω	to serve
λατρεύω	to serve
ὑπηρετέω	to serve
παρεδρεύω	to serve regularly
ἱερατεύω	to serve as a priest
δουλεύω	to serve (as a slave)
ἀφορίζω	to separate
ἀποστέλλω	to send
συμπέμπω	to send with
συναποστέλλω	to send with
ταρταρόω	to send to hell
μετοικίζω	to send to another place
ἐξαποστέλλω	to send out
ἀποπέμπω	to send out
ἐμπέμπω	to send in
ἐκπέμπω	to send away
ἀναπέμπω	to send
πέμπω	to send
πιπράσκω	to sell
πωλέω	to sell
συναρπάζω	to seize
πιάζω	to seize
περιέχω	to seize
συλλαμβάνω	to seize
ἐκζητέω	to seek out
εἶδον	to see
ἐποπτεύω	to see
ὁράω	to see
θεάομαι	to see
βλέπω	to see
θεωρέω	to see
ἐπισκοπέω	to see to
προοράω	to see previously
διαβλέπω	to see clearly
αὐγάζω	to see
ὑποβάλλω	to secretly persuade
περικρύβω	to seclude oneself
ἐραυνάω	to search
ἐξεραυνάω	to search intently
σφραγίζω	to seal
ἐκπτύω	to scorn
σκορπίζομαι	to scatter
διασκορπίζω	to scatter
ἀποφθέγγομαι	to say
φημί	to say
ἀποτάσσω	to say good-by
ἀπασπάζομαι	to say farewell
σῴζω	to save
ἀνασῴζω	to save
ἁγιάζω	to sanctify
ἁλίζω	to salt
ὑποπλέω	to sail to the lee of
ὑποτρέχω	to sail to the lee of
καταπλέω	to sail to
εὐθυδρομέω	to sail straight
βραδυπλοέω	to sail slowly
παραλέγομαι	to sail past
παραπλέω	to sail past
ἀποπλέω	to sail away from
διαπλέω	to sail across
ἐκπλέω	to sail (from)
ἐκπηδάω	to rush out
εἰσπηδάω	to rush in
ὁρμάω	to rush (as in a stampede)
τρέχω	to run
προστρέχω	to run up to
συντρέχω	to run together
ἐπισυντρέχω	to run together to
περιτρέχω	to run throughout
εἰστρέχω	to run in
κατατρέχω	to run down
προτρέχω	to run ahead
ἐπικέλλω	to run aground
ἐποκέλλω	to run aground
βραβεύω	to rule
ψώχω	to rub
ἐλαύνω	to row (with oars)
σήπω	to rot
ἑλίσσω	to roll up
πτύσσω	to roll up
προσκυλίω	to roll in front of
ἀποκυλίω	to roll away
ἀνακυλίω	to roll away
διαρπάζω	to rob
ἱεροσυλέω	to rob temples
συλάω	to rob
μυκάομαι	to roar
ὠρύομαι	to roar
παραβολεύομαι	to risk
ἀνατέλλω	to rise
προσανέχω	to rise up toward
ἐντρυφάω	to revel
ἀποκαλύπτω	to reveal
ἀνακάμπτω	to return
ἐπανέρχομαι	to return (home)
ἀντιλοιδορέω	to retaliate
ἀνορθόω	to restore
ἀποκαθιστάνω	to restore
καταρτίζω	to restore
ἀναπαύω	to rest
ἐπισκηνόω	to rest upon
ἐπαναπαύομαι	to rest on
ἠχέω	to resound
προσαχέω	to resound
ἀνθίστημι	to resist
ἀντικαθίστημι	to resist
ἀντιπίπτω	to resist
ῥύομαι	to rescue
παραιτέομαι	to request
μετανοέω	to repent
ἀνταποδίδωμι	to repay
ἀπεῖπον	to renounce
ἀναθάλλω	to renew
ἀνακαινόω	to renew
ὑπομιμνῄσκω	to remind
ἐπαναμιμνῄσκω	to remind again
μνημονεύω	to remember
ἀναμιμνῄσκω	to remember
μιμνῄσκομαι	to remember
ἐμμένω	to remain in
διαμένω	to remain (constantly)
ἀπολύω	to release (forgive
χαίρω	to rejoice
συγχαίρω	to rejoice with
ἀθετέω	to reject
ἀπωθέω	to reject
ἀποδοκιμάζω	to reject
συμβασιλεύω	to reign with
βασιλεύω	to reign as a king
διακατελέγχομαι	to refute (thoroughly)
παρακούω	to refuse to listen
ἀναψύχω	to refresh
τεφρόω	to reduce to ashes by fire
λυτρόω	to redeem
ἀποκαταλλάσσω	to reconcile
καταλλάσσω	to reconcile (among human beings or between human beings and God)
συναλλάσσω	to reconcile
σύγκειμαι	to recline together
ἀνάκειμαι	to recline for a meal
προσδέχομαι	to receive
ἀναδέχομαι	to receive
εἰσδέχομαι	to receive
ἀπολαμβάνω	to receive
ξενίζω	to receive a guest
διαδέχομαι	to receive (in turn)
ἀπέχω	to receive (in full)
ἐπιτιμάω	to rebuke
ἐπιπλήσσω	to rebuke
ἀνοικοδομέω	to rebuild
παραπικραίνω	to rebel
ἐπανίστημι	to rebel against
διαλέγομαι	to reason
θερίζω	to reap
συνοράω	to realize
κυρόω	to reaffirm
ἀναγινώσκω	to read
ἀφικνέομαι	to reach
μαίνομαι	to rave
ἐξεγείρω	to raise
συνεγείρω	to raise up with
ἐξανίστημι	to raise up (seed) = have children
βρέχω	to rain down (water or sulfur)
φρυάσσω	to rage
ἀνετάζω	to question
θυμομαχέω	to quarrel
λογομαχέω	to quarrel about words
ἐρίζω	to quarrel
στέγω	to put up with
ἀνέχομαι	to put up with
θανατόω	to put to death
ἐπανάγω	to put out (to sea)
συμπεριλαμβάνω	to put one's arms around
περιτίθημι	to put on
ἐγχρίω	to put on
ἐνδιδύσκω	to put on
ἐπιχρίω	to put on
ἐμβιβάζω	to put on board (a vessel)
καταλέγω	to put on a list
ἐντίθημι	to put in
ὑποτάσσω	to put in subjection
καθίστημι	to put in charge
πραγματεύομαι	to put capital to work
ἀποτίθημι	to put aside
προηγέομαι	to put above
ἐπιβιβάζω	to put (someone) on (a mount)
προβάλλω	to push to the front
διώκω	to pursue
ἁγνίζω	to purify
κολάζω	to punish
τιμωρέω	to punish
ἀνασπάω	to pull up
ἀναβιβάζω	to pull up
φυσιόω	to puff up
θεατρίζω	to publicly expose
καθαίρω	to prune
ἐμπιμπλάω	to provide
ἐμπίπλημι	to provide
προνοέω	to provide for
συντηρέω	to protect
προφητεύω	to prophesy
ἐπαγγέλλομαι	to promise
ἁρμόζω	to promise for marriage
κατεργάζομαι	to produce
εὐφορέω	to produce a good crop
καρποφορέω	to produce a crop
διαγγέλλω	to proclaim (throughout)
ὑποκρίνομαι	to pretend
συνθλίβω	to press around
ἀποθλίβω	to press against
παρέχω	to present
κατασκευάζω	to prepare
ἑτοιμάζω	to prepare
προετοιμάζω	to prepare in advance
ἐνταφιάζω	to prepare (a corpse) for burial
προμαρτύρομαι	to predict
προορίζω	to predestine
φθάνω	to precede
κηρύσσω	to preach
καταγγέλλω	to preach
προκηρύσσω	to preach beforehand
εὐαγγελίζω	to preach (bring) the good news (gospel
δέομαι	to pray
εὔχομαι	to pray for
προσεύχομαι	to pray
αἰνέω	to praise
εὐλογέω	to praise
ἐπαινέω	to praise
μαγεύω	to practice sorcery
δολιόω	to practice deceit
μυρίζω	to pour perfume
ἐκχέω	to pour out
καταχέω	to pour out
ἐπιχέω	to pour on
ἀλείφω	to pour on
μιαίνω	to pollute
ἀροτριάω	to plow
μελετάω	to plot
ἀρέσκω	to please
εὐαρεστέω	to please
κιθαρίζω	to play the harp or lyre
αὐλέω	to play the flute
φυτεύω	to plant
ἐπιτίθημι	to place
παρίστημι	to place beside
νύσσω	to pierce
ἐκκεντέω	to pierce
περιπείρω	to pierce
συλλέγω	to pick
τίλλω	to pick (heads of grain)
μεταστρέφω	to pervert
ἀναπείθω	to persuade
καρτερέω	to persevere
συγχωρέω	to permit
λειτουργέω	to perform religious duties
ἱερουργέω	to perform priestly duty
τελειόω	to perfect
κατασκηνόω	to perch
διι&κνέομαι	to penetrate
ἀποτίνω	to pay back
κατανοέω	to pay attention
τίνω	to pay (a price or penalty)
διαγίνομαι	to pass
διαβαίνω	to pass through
παραπορεύομαι	to pass by
παράγω	to pass by
ἀντιπαρέρχομαι	to pass by on the opposite side
παροίχομαι	to pass by
συνευωχέομαι	to partake in a feast together
ἀποχωρίζω	to part company
κατακληροδοτέω	to parcel out by lot
ἀποσκευάζω	to pack up
ὀφείλω	to owe
προσοφείλω	to owe (in addition)
καταστρέφω	to overturn
ἀνατρέπω	to overturn
κατασκιάζω	to overshadow
ὑπεροράω	to overlook
κατισχύω	to overcome
νικάω	to overcome
κελεύω	to order
παραγγέλλω	to order
διακελεύω	to order
ἀντιτάσσω	to oppose
ἐνέχω	to oppose
ἀντιδιατίθημι	to oppose
ἐναντιόομαι	to oppose
διανοίγω	to open
πλατύνω	to open wide
ἐξανοίγω	to open fully
ἀνοίγω	to open
ἐπιθύω	to offer a sacrifice
ἐπιτυγχάνω	to obtain
καταλαμβάνω	to obtain
πειθαρχέω	to obey
φυλάσσω	to obey
ὑπακούω	to obey
θηλάζω	to nurse a baby
ἀκυρόω	to nullify
καταργέω	to nullify
ἐπιλείπω	to not have (time)
ἀμελέω	to neglect
χρῄζω	to need
προσδέομαι	to need
προσπήγνυμι	to nail to (the cross)
προσηλόω	to nail to
φιμόω	to muzzle
κημόω	to muzzle
διαγογγύζω	to mutter
ἀμάω	to mow
κινέω	to move
μεθίστημι	to move
προσαναβαίνω	to move up
μεταίρω	to move on
πενθέω	to mourn
κατασείω	to motion
νεύω	to motion
ἐμπαίζω	to mock
κεράννυμι	to mix
ἐγκρύπτω	to mix
μείγνυμι	to mix
μίγνυμι	to mix
σμυρνίζω	to mix with myrrh
παραχράομαι	to misuse
ἐπηρεάζω	to mistreat
συναντάω	to meet
ἀπαντάω	to meet
ἀντιμετρέω	to measure in return
μετρέω	to measure
τελεσφορέω	to mature (to fruitfulness)
ἐκγαμίζω	to marry
ἐπιγαμβρεύω	to marry (as next of kin)
γαμέω	to marry
οἰκοδεσποτέω	to manage one's home
οἰκονομέω	to manage
σοφίζω	to make wise
χράομαι	to make use of
στερεόω	to make strong
εὐθύνω	to make straight
διανεύω	to make signs
ἀσφαλίζω	to make secure
ἀρτύω	to make salty
πλουτίζω	to make rich
βουλεύω	to make plans
εἰρηνοποιέω	to make peace
ἐλαττόω	to make lower than
ὁμοιόω	to make like
ὀλιγωρέω	to make light of
σημαίνω	to make known
γνωρίζω	to make known
πλεονάζω	to make increase
διαχλευάζω	to make fun of
καταχράομαι	to make full use of
παραζηλόω	to make envious
παρενοχλέω	to make difficult
ἱκανόω	to make competent
δηλόω	to make clear
καθαρίζω	to make clean
κοσμέω	to make beautiful
ἀπορφανίζω	to make an orphan of
ἀποστεγάζω	to make an opening in a roof
μοσχοποιέω	to make an idol in the shape of a calf
κατεφίσταμαι	to make an attack upon
ζῳοποιέω	to make alive
συζωοποιέω	to make alive with (someone)
καταδουλόω	to make a slave
ἐννεύω	to make a sign
ἐξετάζω	to make a search
εὐπροσωπέω	to make a good impression
διακρίνω	to make a distinction
διατίθημι	to make a covenant or a will
προαιτιάομαι	to make a charge beforehand
κοινόω	to make (ceremonially) unclean
χαλάω	to lower
ἀγαπάω	to love
φιλέω	to love
ὁμείρομαι	to love
φιλοπρωτεύω	to love to be first
ἐκκακέω	to lose heart
ἀπαλγέω	to lose all sensitivity
κυριεύω	to lord over
κατακυριεύω	to lord it over
λύω	to loose
ἀναβλέπω	to look up
σκυθρωπός	to look somber
ἀτενίζω	to look intently
προσδοκάω	to look forward to
ζητέω	to look for
ἀναζητέω	to look for
καταδιώκω	to look for
ἐπιζητέω	to look for
ἀναθεωρέω	to look carefully at
ἐπιβλέπω	to look at
περιβλέπω	to look around at
ἀποβλέπω	to look ahead
ἐμβλέπω	to look (closely
ἐπιθυμέω	to long for
ἐπιποθέω	to long for
ἐγκλείω	to lock up
κατακλείω	to lock up
φορτίζω	to load down (with a burden)
σκηνόω	to live
οἰκέω	to live
διάγω	to live
συζάω	to live with
συνοικέω	to live with
ἀγραυλέω	to live outdoors
κατοικέω	to live in
ἐνοικέω	to live in
σπαταλάω	to live in pleasure
εἰρηνεύω	to live in peace
στρηνιάω	to live in luxury
τρυφάω	to live in luxury
περιοικέω	to live in a neighborhood
ἐπιδημέω	to live as a visitor
παροικέω	to live as a stranger
ἐγκατοικέω	to live among
βιόω	to live
ἐπακροάομαι	to listen to
ἐνωτίζομαι	to listen carefully
κουφίζω	to lighten
καίω	to light (a wick)
ἐπαίρω	to lift up
ὑψόω	to lift up
ψεύδομαι	to lie
κατάκειμαι	to lie down (in bed)
ὑπόκειμαι	to lie below
ἐπιλείχω	to lick
λείχω	to lick
ἐναφίημι	to let
ἐπιτρέπω	to let
ἐάω	to let
καθίημι	to let down
δανίζω	to lend
δανείζω	to lend
κίχρημι	to lend
ζυμόω	to leaven
ἀφίστημι	to leave
διΐστημι	to leave
ἔξειμι	to leave
ἐκβαίνω	to leave
ἀποβαίνω	to leave
παρίημι	to leave undone
ἀπολείπω	to leave behind
ὑπολιμπάνω	to leave behind
καταλείπω	to leave (behind)
μανθάνω	to learn
σκιρτάω	to leap
ἡγέομαι	to lead
ὁδηγέω	to lead
ἀναφέρω	to lead up
ἀνάγω	to lead up
ἐξάγω	to lead out
θριαμβεύω	to lead in a triumphal procession
χειραγωγέω	to lead by the hand
ἀπάγω	to lead away
πλανάω	to lead astray
κεῖμαι	to lay
ἐπίκειμαι	to lay upon
θεμελιόω	to lay a foundation
καταγελάω	to laugh at
γελάω	to laugh
λείπω	to lack
ὑστερέω	to lack
οἶδα	to know
γινώσκω	to know
προγινώσκω	to know beforehand
ἐπιγινώσκω	to know (fully)
κρούω	to knock (on a gate or door)
γονυπετέω	to kneel (before in submission or worship)
καταφιλέω	to kiss
περιάπτω	to kindle (a fire)
σφάζω	to kill
κατασφάζω	to kill
ἀναιρέω	to kill
θύω	to kill
ἀποκτείνω	to kill (either natural life or spiritual life)
ἀποκτέννω	to kill
λακτίζω	to kick
διατηρέω	to keep
τηρέω	to keep
γρηγορέω	to keep watch
εὐθυμέω	to keep up one's courage
λανθάνω	to keep secret
παρατείνω	to keep on
χαλιναγωγέω	to keep in check
καταπαύω	to keep from
ἀγρυπνέω	to keep awake
δικαιόω	to justify
ἅλλομαι	to jump up
ἀνάλλομαι	to jump up
ἐξάλλομαι	to jump up
ἐφάλλομαι	to jump on
ἀπορίπτω	to jump into
προσκαρτερέω	to join
συζεύγνυμι	to join together
συνυπουργέω	to join to help
συνωδίνω	to join in the pains of childbirth
συνυποκρίνομαι	to join in one's hypocrisy
συστενάζω	to join in groaning
συνεφίστημι	to join in an attack
συναγωνίζομαι	to join in a struggle
εἰσκαλέομαι	to invite into
ἀντικαλέω	to invite in reciprocation
διερμηνεύω	to interpret
ἐντυγχάνω	to intercede
ὑπερεντυγχάνω	to intercede
ὑβρίζω	to insult
λοιδορέω	to insult
ἐνυβρίζω	to insult
ἐπισχύω	to insist
κληρονομέω	to inherit
μηνύω	to inform
παίζω	to indulge in revelry
πληθύνω	to increase
ὑπερπερισσεύω	to increase all the more
παροτρύνω	to incite
φυλακίζω	to imprison
μεταδίδωμι	to impart
μιμέομαι	to imitate
βλάπτω	to hurt
σπεύδω	to hurry
ἐλπίζω	to hope
τιμάω	to honor
ἐκπετάννυμι	to hold out
κατέχω	to hold back
πατάσσω	to hit
μισθόω	to hire
κωλύω	to hinder
ἐγκόπτω	to hinder
ἀνακόπτω	to hinder
ἀποκρύπτω	to hide
κρύπτω	to hide
ἀντιλαμβάνω	to help
βοηθέω	to help
συναντιλαμβάνομαι	to help
ἐπαρκέω	to help
ἀκούω	to hear
ἐπακούω	to hear
προακούω	to hear about beforehand
σωρεύω	to heap up
ὀνειδίζω	to heap insults on
ἀντοφθαλμέω	to head into
ὑπάρχω	to have
ἐλαττονέω	to have too little
ἐξισχύω	to have power
ἐξουσιάζω	to have power over
μακροθυμέω	to have patience
ξυράω	to have one's hair shaved
ἀποτρέπω	to have nothing to do with
ἀκαιρέομαι	to have no opportunity
ἐλεέω	to have mercy on
κομάω	to have long hair
εὐλαβέομαι	to have holy fear
ζέω	to have great fervor
ἐγκρατεύομαι	to have control (of oneself)
θαρρέω	to have confidence
σπλαγχνίζομαι	to have compassion on
οἰκτείρω	to have compassion on
οἰκτίρω	to have compassion on
τεκνογονέω	to have children
ὀνίνημι	to have benefit or joy
αὐθεντέω	to have authority over
φιλοτιμέομαι	to have an ambition
περισσεύω	to have abundance
εἴωθα	to have a custom
εὐκαιρέω	to have a chance to
εὐπορέω	to have (financial) ability
μισέω	to hate
ἀποστυγέω	to hate
κακόω	to harm
πωρόω	to harden
σκληρύνω	to harden (the heart)
συμβαίνω	to happen
παρατυγχάνω	to happen to be there
κρεμάννυμι	to hang on
ἀπάγχω	to hang (oneself)
ὀρθοτομέω	to handle correctly
παραδίδωμι	to hand over
κατευθύνω	to guide
φρουρέω	to guard
διαφυλάσσω	to guard carefully
γογγύζω	to grumble
κάμνω	to grow weary
φύω	to grow up
συμφύω	to grow up with
συναυξάνω	to grow together
γηράσκω	to grow old
ὑπεραυξάνω	to grow more and more
στενάζω	to groan
ἀλήθω	to grind grain (with a handmill operated by two women)
ταλαιπωρέω	to grieve
ὀδυνάω	to grieve
αἰσθάνομαι	to grasp
ἐγκεντρίζω	to graft into
ἡγεμονεύω	to govern
ὑπερέχω	to govern
φλυαρέω	to gossip
χωρέω	to go
συμπορεύομαι	to go with
ἀναβαίνω	to go up
ἐπιβαίνω	to go up
ἀνέρχομαι	to go up
ὑπερεκτείνω	to go too far
διέρχομαι	to go through
διαπορεύομαι	to go through
διοδεύω	to go through
ἐξέρχομαι	to go out
ἐκχωρέω	to go out
ἐκπορεύομαι	to go out
συνεκπορεύομαι	to go out with
ὑπαντάω	to go out to meet
μεταβαίνω	to go on
πεζεύω	to go on foot
προέρχομαι	to go on ahead
προάγω	to go on ahead
ἐμβατεύω	to go into great detail about
εἴσειμι	to go in
εἰσέρχομαι	to go in
εἰσπορεύομαι	to go in
ἐπιδύω	to go down
καταβαίνω	to go down
κατέρχομαι	to go down
βαθύνω	to go down deep
παρέρχομαι	to go by
ὑπερβάλλω	to go beyond
προπορεύομαι	to go before
ἀπέρχομαι	to go away
ἀποδημέω	to go away on a journey
ἀποχωρέω	to go away from
ἄπειμι	to be absent
περιέρχομαι	to go around
προκόπτω	to go ahead
ὑπάγω	to go (away)
εἶμι	to be
μασάομαι	to gnaw
βρύχω	to gnash
τρίζω	to gnash
μεγαλύνω	to glorify
δοξάζω	to glorify
δίδωμι	to give
ἐπιδίδωμι	to give
δωρέομαι	to give
μερίζω	to give
ἐφκακέω	to give up
συμμορφόω	to give the same form
ἀνθομολογέομαι	to give thanks
ἐνδυναμόω	to give strength
ποτίζω	to give or offer a drink
ὄζω	to give off a bad odor
ἀναγεννάω	to give new birth
φωτίζω	to give light
λάμπω	to give light
ζῳογονέω	to give life
εἴκω	to give in
γαμίζω	to give in marriage
ἀσπάζομαι	to give greetings (hello or good-bye)
χαριτόω	to give graciously
χαρίζομαι	to give grace
ψευδομαρτυρέω	to give false testimony
τίκτω	to give birth to
ἀποκυέω	to give birth to
προδίδωμι	to give beforehand
κατακληρονομέω	to give as an inheritance
διαγνωρίζω	to give an exact report
ἀποδεκατόω	to give a tenth
ὀνομάζω	to give a name
διακούω	to give a (legal) hearing
προσδίδωμι	to give (over)
ἀναζώννυμι	to gird (the loins)
κτάομαι	to get
ἀνίστημι	to get up
διεγείρω	to get up
ὀρθρίζω	to get up early in the morning
ἐπισκευάζομαι	to get ready
ἐμβαίνω	to get into
μεθύω	to get drunk
ἱστορέω	to get acquainted with
ἐφοράω	to gaze upon
συστρέφω	to gather up
σύνειμι	to be with
συνάγω	to gather together
ἐπισυνάγω	to gather together
τρυγάω	to gather or pick (grapes)
στρατολογέω	to gather an army
ἐπισωρεύω	to gather a great number
κερδαίνω	to gain
διαπραγματεύομαι	to gain
ἐπικερδαίνω	to gain in addition
πληρόω	to fulfill
ἀναπληρόω	to fulfill
πολιτεύομαι	to fulfill one's duty
πληροφορέω	to fulfill (completely)
ἐκφοβέω	to frighten
μαντεύομαι	to fortune-tell
ἐγκαταλείπω	to forsake
πλάσσω	to form
ὀχλοποιέω	to form a mob
ἀφίημι	to forgive
ἐκλανθάνομαι	to forget
ἐπιλανθάνομαι	to forget
προεῖπον	to foretell
προκαταγγέλλω	to foretell
ἀγγαρεύω	to force
ἀκολουθέω	to follow
στοιχέω	to follow
ἐξακολουθέω	to follow
παρακολουθέω	to follow
συνακολουθέω	to follow
ἐπακολουθέω	to follow after
Ἰουδαι&vζω	to follow Jewish customs
κατακολουθέω	to follow
ἐπαφρίζω	to foam up
ἀφρίζω	to foam at the mouth
α	alpha
Ἀαρών	Aaron (referring to both the person and his priesthood)
Ἀβαδδών	Abaddon
ἀβαρής	not burdensome
ἀββά	Aramaic for <i>father</i>
Ἀβιά	Abijah
Ἀβιαθάρ	Abiathar
Ἀβιληνή	Abilene
Ἀβιούδ	Abiud
Ἀβραάμ	Abraham
ἄβυσσος	Abyss
Ἀχαΐα	Achaia
Ἀχαι&κός	Achaicus
Ἀχάζ	Ahaz
ἀχειροποίητος	not made by human hands
Ἀχίμ	Akim
ἀχλύς	mistiness
ἀχρειόω	(pass.) to become worthless
ἄχυρον	chaff
Ἀδάμ	Adam
ἀδάπανος	free of charge
Ἀδδί	Addi
ἀδήλως	not clear
ἀδελφή	sister
ἀδελφός	brother
ἀδελφότης	brotherhood
ἀδημονέω	to be troubled
ἀδιάκριτος	impartial
ἀδιαλείπτως	constant
ἀδιαφθορία	sincerity
ἀδίκημα	crime
ἀδικέω	to do wrong
Ἀδμίν	Admin
ἀδόκιμος	failing the test
ἄδολος	pure
Ἀδραμυττηνός	of Adramyttium
Ἀδρίας	Adriatic Sea
ἀδυνατέω	to be impossible
ἀδύνατος	impossible
ἀηδία	enmity
ἀεί	always
ἀήρ	air
ἀετός	eagle (a noble
ἀγαλλιάω	to be filled with delight
ἀγαλλίασις	delight
ἀγανακτέω	to be indignant
ἀγανάκτησις	indignation
ἀγάπη	love
ἀγαπητός	dearly loved one
ἀγαθοεργέω	to do good
ἀγαθοεργός	one who does good
ἀγαθοποιέω	to do good
ἀγαθοποιΐα	doing good
ἀγαθοποιός	one who does good
ἀγαθός	good
ἀγαθωσύνη	goodness
ἀγέλη	herd (of pigs)
ἀγενής	lowly
ἀγνόημα	sin committed in ignorance
ἀγνοέω	to be ignorant
ἄγνοια	ignorance
ἀγνωσία	ignorance
ἄγω	to bring
ἀγών	struggle
ἀγωνία	anguish
ἀγωνίζομαι	to fight
ἀγορά	marketplace (as a center of social and commercial life)
ἀγοραῖος	marketplace
ἀγοράζω	to buy
ἄγρα	catch (of fish)
ἀγρεύω	to catch
Ἀγρίππας	Agrippa
ἀγρός	field
ἀγρυπνία	sleeplessness
αἰχμαλωσία	captivity
αἰχμάλωτος	prisoner
ἀΐδιος	eternal (referring to God's power
αἰδώς	decency
αἴγειος	of a goat
αἰγιαλός	shore
Αἰγύπτιος	Egyptian
Αἴγυπτος	Egypt
Αἰνέας	Aeneas
αἴνεσις	praise
αἴνιγμα	poor reflection
Αἰνών	Aenon
αἶνος	praise
αἰών	eternity
αἰώνιος	eternal
αἰφνίδιος	sudden
αἰσχροκερδής	pursuing dishonest gain
αἰσχροκερδῶς	in greediness for money
αἰσχρολογία	filthy language
αἰσχρός	disgraceful
αἰσχρότης	obscenity
αἰσχύνη	shamefulness
αἰσχύνομαι	to be ashamed
αἴσθησις	insight
αἰσθητήριον	sense
αἴτημα	request
αἰτέω	to ask
Αἰθίοψ	Ethiopian
αἰτία	(legal) charge
αἰτίαμα	charge
αἰτιάομαι	to charge
αἰτίωμα	(legal) charge
αἴτιος	basis
αἴξ	goat
ἀκαίρως	out of season
ἄκακος	blameless
ἄκανθα	thorn
ἀκάνθινος	of thorns
ἀκατάγνωστος	not condemned
ἀκατάλυτος	indestructible
ἀκατάπαυστος	never stopping
ἀκαταστασία	disorder
ἀκαθαρσία	impurity
ἀκηδεμονέω	be in distress
Ἀκελδαμάχ	Akeldama (traditionally located south of the valley of Hinnom)
ἀκέραιος	innocent
ἀκμάζω	to be or become ripe
ἀκμήν	still
ἀκοή	(act of) hearing
ἄκων	not voluntary
ἀκουστός	audible
ἀκρασία	lack of self-control
ἀκρίβεια	thoroughness
ἀκριβής	strict
ἀκριβέστερον	strictest
ἀκριβόω	to find out exactly
ἀκριβῶς	accurately
ἀκρίς	locust (in some cultures distinguished from a grasshopper and used as a food source)
ἀκροατήριον	audience room (of the procurator)
ἀκροατής	hearer
ἀκρογωνιαῖος	cornerstone
ἄκρον	end
ἀκροθίνιον	plunder
Ἀκύλας	Aquila
ἀλάβαστρον	alabaster jar
ἀλάβαστρος	alabaster jar
ἀλαλάζω	to clang
ἀλάλητος	inexpressible
ἄλαλος	mute
ἀλαζών	boaster
ἀλαζονεία	boasting
ἀλέκτωρ	rooster
ἀλεκτοροφωνία	crowing of a rooster
ἀληθεύω	to be truthful
ἄλευρον	flour
Ἀλεξανδρεύς	Alexandrian
Ἀλεξανδρῖνος	Alexandrian
Ἀλέξανδρος	Alexander
ἀλίσγημα	pollution
ἀλλά	but
ἀλλαχόθεν	from another way
ἀλλαχοῦ	elsewhere
ἀλλάσσω	to change
ἀλλήλων	one another
ἀλλογενής	foreign
ἀλλοιόω	to change
ἀλλόφυλος	Gentile
ἄλλως	another
ἀλλοτριεπίσκοπος	meddler
ἀλλότριος	belonging to another
ἀλόη	aloes
ἀλώπηξ	fox
ἄλφα	Alpha
ἄλυπος	free from anxiety
ἄμαχος	peaceable
ἀμάραντος	never fading
Ἀμασίας	Amaziah
ἀμαθής	ignorant
ἀμέμπτως	blameless
ἀμήν	amen
ἀμέριμνος	free from concern
ἀμετακίνητος	not moveable
ἀμέθυστος	amethyst
ἄμετρος	beyond limits
ἀμίαντος	pure
Ἀμιναδάβ	Amminadab
ἄμμον	sand
ἄμμορφος	misshapen
ἄμμος	sand
ἀμνός	lamb
ἀμοιβή	repayment
ἀμώμητος	blameless
ἄμωμον	spice
Ἀμών	Amon
Ἀμώς	Amos
ἀμπελουργός	one who takes care of a vineyard
ἀμφιβάλλω	to cast a fishnet (a round net with small weights along its edge)
ἀμφίβληστρον	casting net
ἀμφιέννυμι	to dress
ἀμφιέζω	to clothe
Ἀμφίπολις	Amphipolis
ἄμφοδον	street
ἀμφότεροι	both
Ἀμπλιᾶτος	Ampliatus
ἀμύνομαι	to defend
ἄν	not easily translated: indicates potential or condition
ἀνά	each
ἀναβάλλω	to adjourn a proceeding (a legal term)
ἀναβαθμός	step
ἀνάβλεψις	recovery of sight
ἀναβοάω	to cry out
ἀναβολή	delay
ἀνάχυσις	flood
ἀνάδειξις	public appearance
ἀναδίδωμι	to deliver
ἀνάγνωσις	reading
ἀναίδεια	boldness
ἀναίρεσις	death
ἀναίτιος	innocent
ἀνακαινίζω	to bring back
ἀνακαίνωσις	renewal
ἀνακεφαλαιόω	to bring together under one head
ἀνακλίνω	to cause to lie down
ἀνακραυγάζω	to cry out
ἀνακράζω	to cry out
ἀνακρίνω	to examine
ἀνάκρισις	investigation
ἀνάλημψις	taking up
ἀναλίσκω	to consume
ἀναλογία	proportion
ἀναλογίζομαι	to consider
ἀναλόω	to destroy
ἄναλος	not salty
ἀναλύω	to depart (die)
ἀνάλυσις	departure (death)
ἀνάμνησις	reminder
ἀνανεόω	to be made new
ἀνανήφω	to come to one's senses
ἀναγκαῖος	necessary
ἀναγκαστῶς	a must
ἀναγκάζω	to compel
ἀνάγκη	necessity
ἀνάπαυσις	rest
ἀναπηδάω	jump up
ἀνάπειρος	crippled
ἀναφαίνω	to appear
ἀναφωνέω	to exclaim
ἀναπίπτω	recline
ἀναπράσσω	to demand
ἀνάψυξις	refreshment
ἀναρίθμητος	countless
ἀνάστασις	resurrection
ἀναστατόω	to cause trouble
ἀνασταυρόω	to crucify again
ἀναστρέφω	to conduct oneself
ἀνατάσσομαι	to draw up (an account)
ἀνάθημα	curse
ἀναθεματίζω	to bind with an oath
ἀνατολή	east
ἀνατολικός	eastern
ἀνατρέφω	to bring up
ἀναξίως	not competent
ἀναζάω	to become alive again
ἀναζωπυρέω	to fan a flame
ἀνδραποδιστής	slave trader
Ἀνδρέας	Andrew
ἀνδρίζομαι	to act courageously
Ἀνδρόνικος	Andronicus
ἀνδροφόνος	murderer
ἀνεκδιήγητος	indescribable
ἀνεκλάλητος	inexpressible
ἀνέκλειπτος	not exhaustible
ἀνήκω	to be fitting
ἀνεκτός	bearable
ἀνελεήμων	ruthless
ἀνέλεος	merciless
ἀνήμερος	brutal
ἀνεμίζω	to be moved by the wind
ἀνένδεκτος	impossible
ἀνεγκλησία	blamelessness
ἀνέγκλητος	blameless
ἀνεπίλημπτος	above reproach
ἀνεψιός	cousin
ἀνήρ	man
ἄνεσις	rest
ἄνηθον	dill
ἀνευρίσκω	to find
ἀνεξίκακος	not resentful
ἀγγεῖον	jar
ἀγγελία	message
ἀγγέλλω	to bring news
ἄγγελος	angel
ἄγγος	basket
ἀνίημι	loosen
ἀνίλεως	merciless
ἀγκάλη	arm
ἄγκιστρον	fish-hook
ἄγκυρα	anchor
ἄνω	above
ἀνόητος	foolish
ἄνοια	folly
ἄνοιξις	(the act of) opening
ἀνόμως	without law
ἀνωτερικός	interior
ἀνώτερον	higher
ἄνωθεν	from above
ἀντάλλαγμα	something given in exchange
ἀνταναπληρόω	to fill up
ἀνταπόδομα	repayment
ἀνταπόδοσις	reward
ἀντέχω	to be devoted
ἄνθος	flower
ἀνθρακιά	charcoal fire
ἄνθραξ	coal
ἀνθρωπάρεσκος	one who wins favor
ἀνθρώπινος	human
ἀνθρωποκτόνος	murderer
ἄνθρωπος	human being
ἀνθυπατεύω	to be proconsul
ἀνθύπατος	proconsul
ἀντί	in exchange for
ἀντιβάλλω	to discuss
ἀντίχριστος	antichrist
ἀντίδικος	enemy
ἀντίκειμαι	to be an opponent
ἄντικρυς	opposite of
ἀντίλημψις	help
ἀντιλογία	argument
ἀντίλυτρον	ransom
ἀντιμισθία	an exchange
Ἀντιόχεια	Antioch
Ἀντιοχεύς	from Antioch
Ἀντιπᾶς	Antipas
Ἀντιπατρίς	Antipatris
ἀντιπέρα	across from
ἀντίθεσις	opposition
ἀντίτυπος	copy
ἄντλημα	container to draw water with
ἀντλέω	to draw (water)
ἄνυδρος	arid
ἀνυπόκριτος	sincere
ἀνυπότακτος	rebellious
ἀόρατος	invisible
ἀπαίδευτος	stupid
ἀπαιτέω	to demand back
ἀπαλλάσσω	(act.) to set free
ἀπαλλοτριόω	to be excluded
ἀπάντησις	(the act of) meeting
ἀπαφρίζω	to cast off like foam
ἀπαράβατος	permanent
ἀπαρχή	firstfruits
ἀπαρνέομαι	to disown
ἀπαρτί	exactly
ἀπαρτισμός	completion
ἀπατάω	to deceive
ἀπάτη	deception
ἀπάτωρ	fatherless
ἀπαύγασμα	radiance
ἀπειλή	threat
ἀπείραστος	incapable of being tempted
ἄπειρος	not acquainted with
ἀπείθεια	disobedience
ἀπειθέω	to disobey
ἀπειθής	disobedient
ἀπέκδυσις	removal
ἀπελαύνω	to eject from (court)
ἀπελεγμός	disrepute
ἀπελεύθερος	freedman
Ἀπελλῆς	Apelles
ἀπελπίζω	to expect nothing in return
ἀπέναντι	opposite
ἀπέραντος	endless
ἀφανής	hidden
ἀφανισμός	disappearance
ἀφανίζω	to destroy
ἄφαντος	disappearing
ἀφεδρών	latrine
ἀφειδία	harsh treatment
ἀφελότης	sincerity
ἄφεσις	forgiveness
ἀφιλάγαθος	not loving good
ἀφιλάργυρος	not loving money
ἄφιξις	leaving
ἄφνω	suddenly
ἀφόβως	fearlessly
ἀφομοιόω	(pass.) to be like
ἄφωνος	silent
ἀφοράω	to fix one's eyes
ἀφορμή	opportunity
ἄφρων	foolish
ἀφρός	foam
ἀφροσύνη	foolishness
ἀφθαρσία	imperishableness
ἄφθαρτος	imperishable
ἀφθορία	integrity
ἀφυπνόω	to fall asleep
ἀπιστέω	to disbelieve
ἀπλόος	good
ἀπό	from
ἀπόβλητος	rejected (as unclean)
ἀποβολή	rejection
ἀποδείκνυμι	to display
ἀπόδειξις	demonstration
ἀπόδεκτος	pleasing
ἀπόδημος	going away on a journey
ἀποδίδωμι	give
ἀποδιορίζω	to divide
ἀποδοχή	acceptance
ἀπογίνομαι	to die
ἀπογραφή	census
ἀποκάλυψις	revelation
ἀποκαραδοκία	eager expectation
ἀποκατάστασις	restoration
ἀποκαθίστημι	to (completely) restore
ἀπόκειμαι	to be stored up
ἀποκεφαλίζω	to behead
ἀποκλείω	to close
ἀποκόπτω	to cut off
ἀπόκριμα	sentence
ἀποκρίνομαι	to answer
ἀπόκρισις	answer
ἀπόκρυφος	concealed
ἀπόλαυσις	enjoyment
ἀπώλεια	destruction
ἀπολείχω	lick
ἀπολιμπάνω	leave behind
Ἀπολλωνία	Apollonia
Ἀπολλῶς	Apollos
ἀπόλλυμι	to destroy (an inanimate object)
Ἀπολλύων	Apollyon
ἀπολογέομαι	to defend oneself
ἀπολογία	defense
ἀπολύτρωσις	redemption
ἀποφέρω	to carry away
ἀποφεύγω	to escape (from)
ἀποπίπτω	to fall away
ἀποπλανάω	to deceive
ἀποπνίγω	to choke
ἀποψύχω	to faint (some translate <i>to die</i>)
ἀπορέω	to be puzzled
ἀπορία	perplexity
ἀποσκίασμα	shadow
ἀποσπάω	to draw out
ἀποστάσιον	divorce
ἀποστάτης	deserter
ἀποστερέω	to defraud
ἀποστολή	apostleship
ἀπόστολος	apostle
ἀποστοματίζω	to besiege with questions
ἀποσυνάγωγος	put out of the synagogue
ἀποτελέω	to bring to completion
ἀποθήκη	barn
ἀπόθεσις	removal
ἀποθνῄσκω	to die (in a literal or fig. sense)
ἀποτολμάω	to bring forth boldly
ἀποτομία	sternness
ἀποτόμως	harshly
ἀπουσία	absence
Ἀπφία	Apphia
Ἄππιος	Appius
ἀπρόσκοπος	blameless
ἀπροσωπολήμπτως	impartially
ἀψευδής	not a liar
ἄψινθος	(m.) Wormwood
ἄψυχος	lifeless
ἆρα	curse
Ἀραβία	Arabia
Ἄραβοι	Arabs
Ἀράμ	Ram
ἄραφος	seamless
Ἄραψ	Arab
ἀρχαῖος	ancient
ἀρχάγγελος	archangel
ἀρχή	beginning
ἀρχηγός	author
Ἀρχέλαος	Archelaus
ἀρχιερατικός	of the high priest
ἀρχιερεύς	chief priest
ἀρχιλῃστής	head of a rebellion
ἀρχιποίμην	chief shepherd
Ἄρχιππος	Archippus
ἀρχισυνάγωγος	leader of the synagogue
ἀρχιτέκτων	expert builder
ἀρχιτελώνης	chief tax collector
ἀρχιτρίκλινος	master of the banquet
ἄρχω	(act.) to rule
ἄρχων	ruler
ἄρειος	meeting of the Areopagus
ἀρήν	lamb
Ἀρεοπαγίτης	member of the Areopagus
ἀρεσκεία	pleasing
ἀρεστός	pleasing
ἀρετή	(moral) goodness
ἀργέω	to be idle
ἀργός	idle
ἀργύρεος	(made of) silver
ἀργύριον	silver (always referring to money)
ἀργυροκόπος	silversmith
ἄργυρος	silver
ἀργυροῦς	(made of) silver
ἀριστάω	to eat (breakfast)
Ἀρίσταρχος	Aristarchus
ἀριστερός	left side
Ἀριστόβουλος	Aristobulus
ἄριστον	meal
ἀριθμέω	to count
ἀριθμός	number
ἀρκέω	(mid./pass.) to be content
ἀρκετός	enough
ἄρκος	bear
ἄρκτος	bear
ἀρνέομαι	to deny
Ἀρνί	Arni
ἀρνίον	lamb
ἄρωμα	spices
ἄροτρον	plow
Ἀρφαξάδ	Arphaxad
ἀρραβών	deposit which guarantees
ἄρρην	male
ἄρρητος	inexpressible
ἄρρωστος	sick
ἄρσην	male
ἀρσενοκοίτης	one engaging in homosexual acts (likely referring to the active male partner)
Ἀρτεμᾶς	Artemas
Ἄρτεμις	Artemis
ἀρτέμων	foresail
ἄρτι	now
ἀρτιγέννητος	newborn
ἄρτιος	thorough
ἄρτος	(loaf of) bread
Ἀσά	Asa
Ἀσάφ	Asaph
ἀσχημονέω	to act improperly
ἀσχημοσύνη	indecent act
ἀσεβέω	to do ungodly acts
ἀσέλγεια	debauchery
ἄσημος	ordinary
Ἀσήρ	Asher
Ἀσία	Asia
Ἀσιανός	one from the Roman province of Asia
Ἀσιάρχης	official of the province of Asia
ἀσιτία	going without food
ἄσιτος	going without food
ἀσωτία	debauchery
ἀσπασμός	greeting
ἀσφάλεια	security
ἀσφαλής	safe
ἀσφαλῶς	carefully
ἀσσάριον	assarion (coin worth one-sixteenth of a day's wage)
Ἀσσάρων	Assaron
ἆσσον	nearer
Ἆσσος	Assos
ἀστατέω	to be homeless
ἀστεῖος	not ordinary
ἀστήρ	star
ἀσθένημα	failing
ἀσθενέω	to be weak
ἀστραπή	lightning
ἀστράπτω	to flash
ἄστρον	star
ἀσύμφωνος	disagreeable
ἀσύνετος	senseless
Ἀσύγκριτος	Asyncritus
ἀσύνθετος	faithless
ἀτακτέω	to be idle
ἀτάκτως	idle
ἄτεκνος	childless
ἀθανασία	immortality
ἀθάνατος	immortal
Ἀθηνᾶ	Athens
Ἀθηναῖος	Athenian
ἄθεσμος	lawless
ἀθέτησις	setting aside
ἀθλέω	to compete in a contest
ἄθλησις	contest
ἀθῷος	innocent
ἀθροίζω	to assemble together
ἀθυμέω	to be discouraged
ἀτιμάζω	to dishonor
ἀτιμία	dishonor
ἀτιμόω	to disgrace
ἀτμίς	mist
ἄτομος	in a flash
Ἀττάλεια	Attalia
αὐχέω	to boast
αὐχμηρός	dark
αὐγή	daylight
Αὐγοῦστος	Augustus
αὐλή	palace
αὐλητής	flute player
αὐλός	flute
αὐστηρός	hard
αὐτάρκεια	contentment
αὐτάρκης	content
αὐθάδης	overbearing
αὐθαίρετος	on one's own initiative
αὐτοκατάκριτος	self-condemned
αὐτόματος	by itself
αὐτόφωρος	in the act
αὐτόπτης	eyewitness
αὐτός	he
αὐξάνω	to cause to grow
αὔξησις	growth
αὔξω	to cause to grow
ἀξίνη	ax
ἀξιόω	to consider worthy
ἀξίως	worthy
Ἀζώρ	Azor
Ἄζωτος	Azotus
β	letter of the Greek alphabet
Βάαλ	Baal
Βαβυλών	Babylon
βάι&ον	(palm) branch
Βαλαάμ	Balaam
Βαλάκ	Balak
βαλλάντιον	purse
βάπτισμα	baptism
βαπτισμός	baptism
βαπτιστής	Baptist
βαπτίζω	to baptize
βάπτω	to dip (in)
βάρ	Not in NIV. son
Βαραββᾶς	Barabbas
Βαραχίας	Berekiah
Βαράκ	Barak
βάρβαρος	non-Greek
βαρέω	(pass.) to be burdened
Βαριησοῦς	Bar-Jesus
Βαριωνᾶ	son of Jonah
Βαριωνᾶς	son of Jonah
Βαρναβᾶς	Barnabas
βάρος	burden
Βαρσαββᾶς	Barsabbas
Βαρθολομαῖος	Bartholomew
Βαρτιμαῖος	Bartimaeus
βαρύς	burdensome
βασιλεία	kingdom
βασίλειος	royal
βασιλεύς	king
βασιλικός	royal
βασιλισ‚àöκος	petty king
βασίλισσα	queen
βάσις	foot
βασκαίνω	to bewitch
βαστάζω	to carry
βαθμός	standing
βάθος	depth
βαθύς	deep
βάτος	bush
βάτραχος	frog
βατταλογέω	to babble
βδέλυγμα	abomination
βδελυκτός	detestable
βδελύσσομαι	(mid.) to abhor
βεβαιόω	to confirm
βέβαιος	firm
βεβαίωσις	confirmation
βεβηλόω	to desecrate
βέβηλος	godless
Βεελζεβούλ	Beelzebub
Βελιάρ	Belial
βελόνη	needle
βέλος	arrow
βελτίων	having a detailed knowledge
βῆμα	judicial court
Βενιαμίν	Benjamin
Βεώρ	Beor
βηρεύς	Bereus
Βερνίκη	Bernice
Βέροια	Berea
Βεροιαῖος	Berean
βήρυλλος	beryl
Βηθαβαρά	Bethabara
Βηθανία	Bethany
Βηθεσδά	Bethesda
Βηθλέεμ	Bethlehem
Βηθφαγή	Bethphage
Βηθσαι&δά	Bethsaida
Βηθζαθά	Bethzatha
βία	force
βιαστής	forceful one
βιάζω	(mid.) to force one's way
βιβλαρίδιον	little scroll
βιβλίον	scroll
βίβλος	book
βιβρώσκω	to eat
βίος	(everyday) life
βίωσις	the way one lives
βιωτικός	(lesser things) of this life
Βιθυνία	Bithynia
βλαβερός	harmful
βλασφημέω	to blaspheme
βλασφημία	blasphemy
βλάσφημος	blasphemous
Βλάστος	Blastus
βλέμμα	act of seeing
βλητέος	must be put
Βοανηργές	Boanerges
βοάω	to call
βοή	cry
Βόες	Boaz
βοήθεια	help
βοηθός	helpful (one)
βολή	throwing
βολίς	missile
βωμός	altar
Βόος	Boaz
Βόοζ	Boaz
βόρβορος	mud
βορρᾶς	the north
βόσκω	to feed
Βοσόρ	Bosor
βοτάνη	crop (from any kind of plant or vegetation)
βόθρος	pit
βόθυνος	pit
βότρυς	grape cluster
βουλή	plan
βούλημα	plan
βουλευτής	member of a council (an advisory or legislative body)
βουνός	hill
βοῦς	ox
βραβεῖον	prize (from a contest or foot race)
βραχίων	arm
βραχύς	little
βραδύνω	to delay
βραδύς	slow
βραδύτης	slowness
βρέφος	baby
βροχή	rain
βρόχος	restriction
βρῶμα	food
βροντή	thunder
βρώσιμος	eatable
βρῶσις	consumable
βρυγμός	gnashing
βρύω	to flow
βυρσεύς	tanner
βύσσινος	made of fine linen
βύσσος	fine linen
βυθίζω	(act.) to plunge
βυθός	open sea
χάλαζα	hail
Χαλδαῖος	Chaldean
χαλεπός	difficult
χαλινόω	to bridle
χαλινός	bit
χαλκηδών	chalcedony
χάλκεος	made of bronze
χαλκεύς	metalworker
χαλκίον	(copper or bronze) kettle
χαλκολίβανον	burnished bronze
χαλκός	copper
χαλκοῦς	made of bronze
Χανάαν	Canaan
Χαναναῖος	Canaanite
χαρά	joy
χάραγμα	mark
χαρακτήρ	exact representation
χάραξ	barricade
χάριν	therefore
χάρις	grace
χάρισμα	gracious gift
Χαρράν	Haran
χάρτης	(papyrus) paper
χάσμα	chasm
χεῖλος	lip
χειμάζω	(pass.) to be battered in a storm
χείρ	hand
χειραγωγός	someone who leads by the hand
χειροποίητος	hand-made
χειροτονέω	to appoint
Χερούβ	(pl.) cherubim
χιλίαρχος	military officer
χιλιάς	thousand
χίλιοι	thousand
χιών	snow
χίος	Kios
χλαμύς	robe
χλιαρός	lukewarm
χλόη	Chloe
χλωρός	light green
χοι&κός	made of dust
χοῖνιξ	(almost one liter or) quart
χοῖρος	pig
χολάω	to be angry
χολή	gall
χωλός	lame
χόος	dust
χώρα	country
Χωραζίν	Korazin
χωρίον	place
χωρίς	(adv.) by itself
χωρισμός	division
χωρίζω	to divide
χῶρος	dance
χόρτασμα	food
χορτάζω	to feed
χόρτος	grass
χοῦς	dust
χουζᾶς	Cuza
χρή	it should
χρεία	need
χρῆμα	money
χρηματισμός	proclamation or answer from God
χρεωφειλέτης	debtor
χρήσιμος	pertaining to value
χρῆσις	relations
χρηστεύομαι	to be kind
χρηστολογία	smooth talk
χρηστός	easy
χρηστότης	kindness
χρίω	to anoint (physically
χρῖσμα	anointing
Χριστιανός	Christian
Χριστός	Christ
χρόνος	time
χρώς	skin
χρύσεος	made of gold
χρυσίον	gold
χρυσοδακτύλιος	having or wearing a gold ring
χρυσόλιθος	chrysolite
χρυσόω	(pass.) to be adorned with gold
χρυσόπρασος	chrysoprase (an apple-green quartz)
χρυσός	gold
χρυσοῦς	made of gold
χξς᾿	666
Δαβίδ	David
δαίμων	demon
δαιμονιώδης	of the devil
δαιμόνιον	demon
δαιμονίζομαι	to be demon-possessed
δάκνω	to bite
δάκρυον	teardrop
δακτύλιος	(finger) ring
δάκτυλος	finger
Δαλμανουθά	Dalmanutha
Δαλματία	Dalmatia
δάμαλις	heifer
Δάμαρις	Damaris
Δαμασκηνός	Damascene
Δαμασκός	Damascus
Δάν	Dan
δάνειον	debt
δανειστής	moneylender
Δανιήλ	Daniel
δανιστής	moneylender
δαπάνη	cost
Δαυίδ	David
δή	but
δέησις	prayer
δεῖ	it is a must
δεῖγμα	example
δειγματίζω	to expose to public disgrace
δειλία	timidity
δειλιάω	to be afraid
δειλός	afraid
δεῖνα	a certain one
δεινῶς	terribly
δειπνέω	to eat supper
δεῖπνον	banquet
δεισιδαίμων	(very) religious
δεισιδαιμονία	religion
δέκα	ten
δεκαοκτώ	eighteen
δεκαπέντε	fifteen
Δεκάπολις	Decapolis
δεκατέσσαρες	fourteen
δεκατόω	to collect a tenth
δέκατος	tenth in a series of things or events
δεκτός	acceptable
δελεάζω	to entice
δῆλος	clear
Δημᾶς	Demas
δημηγορέω	to deliver a public address
Δημήτριος	Demetrius
δημιουργός	builder
δῆμος	people
δημόσιος	public
δηνάριον	denarius [about a day's wage]
δέος	awe
δήπου	surely
Δερβαῖος	from Derbe
Δέρβη	Derbe
δέρμα	skin
δερμάτινος	made of leather
δέρω	to beat up
δέρρις	skin
δέσμη	bundle
δέσμιος	prisoner
δεσμοφύλαξ	jailer
δεσμός	chain
δεσμωτήριον	prison
δεσμώτης	prisoner
δεσπότης	master
δεῦρο	come
δεῦτε	come
δευτεραῖος	on the following day
δεύτερον	for the second time
δευτερόπρωτος	lit: <i>second-first</i>
δεύτερος	second
δεξιολάβος	spearman
δεξιός	the right hand or side in contrast to the left
διά	(gen.) through
διαβάλλω	(pass.) to have accusations brought upon someone
διαβεβαιόομαι	to confidently affirm
διάβολος	devilish
διαχειρίζω	(mid.) to kill
διαχωρίζω	(pass.) to be separated
διάδημα	crown
διαδίδωμι	to distribute
διάδοχος	successor
διαγινώσκω	to determine
διάγνωσις	decision
διαγρηγορέω	to become fully awake
διαιρέω	to divide
διαίρεσις	difference
διακαθαίρω	to clear out
διακαθαρίζω	to clear out
διακωλύω	to deter
διακονία	ministry
διάκονος	servant
διάκρισις	distinguishing
διάλεκτος	language
διαλλάσσομαι	to become reconciled
διαλογισμός	thought
διαλύω	to disperse
διαμάχομαι	to argue vigorously
διαμαρτύρομαι	to (solemnly) warn or charge
διαμερισμός	division
διαμερίζω	to divide
διανέμω	(pass.) to be spread
διανόημα	thought
διάνοια	mind
διανύω	to continue
διαπαντός	always
διαπαρατριβή	constant friction
διαπεράω	to cross over
διαφέρω	(tr.) to carry
διαφεύγω	to escape
διάφορος	different
διαφθείρω	to destroy
διαφθορά	decay
διαπονέομαι	to be greatly disturbed
διαπορέω	to be perplexed
διαπρίω	(pass.) to be furious
διασείω	to extort money
διασῴζω	save
διασπάω	(pass.) to be torn to pieces
διασπείρω	(pass.) to be scattered
διασπορά	scattering
διαστέλλω	(mid.) to give orders
διάστημα	later time
διαστολή	difference
διαστρέφω	(act.) to subvert
διαταγή	putting into effect
διάταγμα	edict
διαταράσσω	(pass.) to be greatly troubled
διατάσσω	(act./mid.) to command
διατελέω	to continue
διαθήκη	covenant
διατροφή	food
διαυγάζω	to dawn
διχοστασία	division
διχοτομέω	to cut to pieces
διδαχή	(the activity or content of ) teaching
διδακτικός	able to teach
διδακτός	taught
διδασκαλία	teaching
διδάσκαλος	teacher
διδῶ	I give
Δίδυμος	Didymus
διήγησις	account
διηνεκής	forever
διερμηνεία	explanation
διερμηνευτής	interpreter
διερωτάω	to find out
διεξέρχομαι	to come out
διέξοδος	(street) corner
διγαμιά	second marriage
δίγαμος	pertaining to a second marriage
διι&σχυρίζομαι	to assert
δικαιοκρισία	righteous judgment
δικαίωμα	regulation
δικαίως	right
δικαίωσις	justification
δικαιοσύνη	righteousness
δικαστής	judge
δίκη	punishment
δίκτυον	(fish) net
δίλογος	insincere
διό	therefore
διωγμός	persecution
διώκτης	persecutor
Διονύσιος	Dionysius
διόπερ	therefore
διοπετής	(the image) fallen from heaven (given by the pagan god Zeus)
διόρθωμα	reform
διόρθωσις	a new order
διορύσσω	to break in
Διόσκουροι	the twin gods Castor and Pollux
διότι	therefore
Διοτρέφης	Diotrephes
διπλόω	to double
διπλόος	double
διπλοῦς	double
διψάω	to be thirsty
δίψος	thirst
δίψυχος	double-minded
διστάζω	to doubt
δίστομος	double-edged
διθάλασσος	sandbar
δοχή	banquet
δόγμα	decree
δογματίζω	(pass.) to submit to a rule
δοκιμασία	testing
δοκιμή	character
δοκίμιον	testing
δόκιμος	approved by testing
δοκός	plank
δόλιος	deceitful
δολόω	to distort
δόλος	deceit
δῶμα	gift
δωρεά	gift
δωρεάν	freely
δώρημα	gift
Δορκάς	Dorcas
δῶρον	gift
δωροφορία	the bringing of a gift
δόσις	gift
δότης	giver
δουλαγωγέω	to enslave
δούλη	female servant
δουλεία	slavery
δουλόω	to enslave
δοῦλος	servant
δόξα	glory
δραχμή	silver coin
δράκων	dragon
δράσσομαι	to catch
δρέπανον	sickle
δρόμος	race
Δρούσιλλα	Drusilla
δύναμαι	to be able
δύναμις	power
δυναμόω	(pass.) to be strengthened
δυνάστης	ruler
δυνατέω	to be able
δυνατός	possible (based on power)
δυσβάστακτος	hard to carry
δυσεντέριον	dysentery
δυσερμήνευτος	hard to explain
δυσκόλως	hard
δυσνόητος	hard to understand
δυσφημέω	(pass.) to be slandered
δυσφημία	bad report
ἔα	ha!
ἐάν	if (usually used in general conditions or conditions that imply some doubt)
ἐάνπερ	if
Ἔβερ	Eber
ἔχω	(tr.) to have
ἦχος	sound
ἔχθρα	hostility
ἐχθρός	(n.) enemy
ἐδαφίζω	to dash to the ground
ἔδαφος	ground
ἤδη	already
ἐγείρω	to arise
ἔγερσις	resurrection
ἐγώ	I
ἔγυος	pregnant
εἰ	if
εἰδέα	appearance (usually implies a condition of reality)
εἰδωλεῖον	temple of an idol
εἰδωλολάτρης	idolater
εἰδωλολατρία	idolatry
εἴδωλον	idol
εἰδωλόθυτος	(food) sacrificed to idols
εἶδος	form
εἰκῇ	in vain
εἰκών	image
εἰλικρίνεια	sincerity
εἰλικρινής	pure
εἰ μή	surely
εἴπερ	if indeed
εἴπως	if perhaps
εἰρήνη	peace
εἰρηνικός	peace-loving
εἰρηνοποιός	peacemaker
εἰσάγω	to bring in
εἰσακούω	(pass.) to be heard
εἴσοδος	entering
εἰσφέρω	to bring in
εἶτα	then
εἴτε	if
ἐκ	of
ἐκβολή	throwing out (a ship's cargo)
ἐκχύννομαι	to be poured out
ἐκδαπανάω	(pass.) to be completely expended
ἔκδηλος	clear
ἐκδημέω	to be away
ἐκδίδωμι	(mid.) to rent
ἐκδικέω	to avenge
ἐκδίκησις	justice
ἔκδικος	punishing
ἐκδιώκω	to drive out
ἐκδοχή	expectation
ἔκδοτος	handed over
ἐκεῖ	there
ἐκεῖνος	that
ἐκεῖσε	there
ἐκεῖθεν	from there
ἔκγονος	(n.) grandchild
ἐκκαίω	(pass.) to be inflamed
ἐκκαθαίρω	to cleanse
ἐκκλάω	(pass.) to be broken off
ἐκκλείω	to alienate
ἐκκλησία	church
ἐκκομίζω	to carry out
ἐκκοπή	hindrance
ἐκκόπτω	to cut off
ἐκκρεμάννυμι	(mid.) to hang upon (words)
ἐκλέγομαι	to chose
ἐκλείπω	to fail
ἐκλεκτός	elect
ἐκλογή	election
ἐκλύω	(pass.) to lose heart
ἐκνήφω	to come to one's sense
ἔκπαλαι	for a long time
ἐκπερισσῶς	emphatically
ἐκφέρω	to bring out
ἐκφεύγω	to escape
ἔκφοβος	frightened
ἐκφωνέω	cry out
ἐκφύω	to come out
ἐκπίπτω	to fall off
ἐκπληρόω	to (utterly) fulfill
ἐκπλήρωσις	end
ἐκπλήσσω	(pass.) to be amazed
ἐκπνέω	to breathe one's last breath
ἐκπορνεύω	to engage in sexual immorality
ἐκψύχω	to die
ἐκσῴζω	to bring safely
ἔκστασις	amazement
ἐκστρέφω	(pass.) to be warped
ἐκτελέω	to finish
ἐκτένεια	earnestness
ἐκτενής	deep
ἐκτενῶς	deeply
ἐκθαμβέω	(pass.) to be overwhelmed with wonder
ἔκθαμβος	(utterly) astonished
ἔκθετος	thrown out
ἐκτίθημι	(mid.) to explain
ἐκτός	outside
ἐκτρέφω	to feed
ἔκτρωμα	abnormal or untimely birth
ἐκζήτησις	controversy
ἐλάχιστος	least
ἐλαία	olive
ἐλαιών	olive oil
Ἐλαμίτης	Elamite
ἐλαφρία	lightness
ἐλαφρός	light
ἐλάσσων	lesser
ἐλάττων	lesser
Ἐλεάζαρ	Eleazar
ἐλεεινός	pitiful
ἐλεήμων	merciful
ἐλεημοσύνη	gift to the poor
ἐλεγμός	rebuke
ἐλέγχω	to expose
ἔλεγχος	certainty
ἔλεγξις	rebuke
ἔλεος	mercy
ἐλεφάντινος	made of ivory (derivative of the Greek word for <i>elephant
ἔλευσις	coming
ἐλευθερία	freedom
ἐλεύθερος	free
Ἠλί	Eli [Hebrew: my God]
Ἐλιακίμ	Eliakim
Ἠλίας	Elijah
Ἐλιέζερ	Eliezer
Ἐλιούδ	Eliud
Ἐλισάβετ	Elizabeth
Ἐλισαῖος	Elisha
ἐλλογάω	to charge (to one's account)
ἐλλογέω	(pass.) to be charged to one's account
Ἐλμαδάμ	Elmadam
ἐλωΐ	Eloi [Aramaic: my God]
ἐλπίς	hope
Ἐλύμας	Elymas
ἐμαυτοῦ	myself
ἐμβαπτίζω	to dip into
ἐμβάπτω	to dip into
ἐμμαίνομαι	to be enraged
Ἐμμανουήλ	Immanuel
Ἐμμαοῦς	Emmaus
ἐμός	my
ἐμπαιγμονή	scoffing
ἐμπαιγμός	jeering
ἐμπαίκτης	scoffer
ἐμφανής	seen
ἔμφοβος	afraid
ἐμφυσάω	to breathe on
ἔμφυτος	implanted
ἐμπίμπρημι	to burn
ἐμπίπτω	to fall into
ἐμπλέκω	(mid./pass.) to be involved in
ἐμπλοκή	braiding (possibly associated with high fashion)
ἐμπνέω	to breath
ἐμπορεύομαι	to carry on business
ἐμπορία	business
ἐμπόριον	market
ἔμπορος	merchant
ἐμπρήθω	to burn
ἔμπροσθεν	before
ἦν	Spatially: in
ἐνάλιος	creatures pertaining to the sea
ἐνάλλομαι	leap upon
ἔναντι	before (spatial)
ἐναντίον	before (spatial)
ἐναντίος	against
ἐνάρχομαι	to begin
ἐναργής	clear
ἔνατος	ninth (ninth hour = three p.m.)
ἐνδέχομαι	it is possible
ἐνδεής	needy
ἔνδειγμα	evidence
ἔνδειξις	demonstration
ἐνδημέω	to be at home
ἔνδικος	just
ἐνδοξάζομαι	to be glorified
ἔνδοξος	honored
ἔνδυμα	clothing
ἐνδύω	to clothe
ἔνδυσις	putting on
ἐνέδρα	plot
ἔνεδρον	plot
ἔνειμι	to be inside
ἐνενήκοντα	ninety
ἐνεός	speechless
ἐνεργέω	to be at work in
ἐνεργής	active
ἐνευλογέω	(pass.) to be blessed
ἐγγίζω	come near
ἔγγυος	(n.) guarantee
ἐγγύς	near
ἐγγύτερον	nearer
ἔνι	there is
ἐνίοτε	sometimes
ἐνίστημι	to be present
ἐγκαίνια	Feast of Dedication (Hanukkah)
ἐγκαινίζω	(pass.) to be put into effect
ἐγκαλέω	to bring charges
ἐγκαυχάομαι	to boast
ἔγκλημα	charge
ἐγκομβόομαι	to clothe (oneself) with
ἐγκοπή	hinderance
ἐγκράτεια	self-control
ἐγκρατής	disciplined
ἐγκρίνω	to classify
ἐννέα	nine
ἐννεός	speechless
ἔννοια	attitude
ἐννόμως	under law
ἐνοχλέω	(act.) to cause trouble
ἔνοχος	subject to
ἐνώπιον	before
ἐνορκίζω	to charge by oath
Ἐνώς	Enosh
ἔνταλμα	rule
ἐνταφιασμός	preparation for burial
ἐντέλλω	(mid.) to command
ἐντεῦθεν	from here
ἔντευξις	prayer
ἐνθάδε	here
ἔνθεν	from here
ἐνθυμέομαι	to consider
ἐνθύμησις	thought
ἔντιμος	highly valued
ἐντολή	command
ἐντόπιος	resident
ἐντός	inside
ἐντρέφω	(pass.) to be brought up
ἐντρέπω	to cause shame
ἐντροπή	shame
ἐντυπόω	(pass.) to be engraved
ἐνυπνιάζομαι	to (have supernatural) dreams or visions
ἐνύπνιον	dream
ἔοικα	to be like
ἐπάγω	to bring upon
ἐπαγωνίζομαι	to contend
Ἐπαίνετος	Epenetus
ἔπαινος	praise
ἐπαισχύνομαι	to be ashamed of
ἐπαιτέω	to beg
ἐπάναγκες	necessarily
ἐπαγγελία	promise
ἐπάγγελμα	promise
ἐπάνω	above
ἐπανόρθωσις	correcting
Ἐπαφρᾶς	Epaphras
Ἐπαφρόδιτος	Epaphroditus
ἐπάρατος	accursed
ἐπαρχεία	province
ἐπάρχειος	belonging to an eparch
ἐπαρχικός	pertaining to the eparch
ἐπαθροίζω	(pass.) to increase
ἔπαυλις	place to live
ἐπαύριον	the next day
ἐπαυτόφώρως	pertaining to being caught in the act
ἐπέχω	(tr.) hold out
ἐπεί	since
ἐπειδήπερ	inasmuch as
ἔπειμι	the next day (from a verb that means <i>to follow
ἐπείπερ	since
ἐπεισαγωγή	introduction
ἐπεισέρχομαι	to come in
ἔπειτα	then
ἐπέκεινα	beyond
ἐπενδύομαι	to be clothed with
ἐπενδύτης	outer garment
ἤπερ	than
ἐπέρχομαι	to come
ἐπερωτάω	to ask
ἐπερώτημα	pledge
ἐφάπαξ	once for all
ἐφημερία	(priestly) division
ἐφήμερος	daily
Ἐφεσῖνος	Ephesian
Ἐφέσιος	Ephesian
Ἔφεσος	Ephesus
ἐφευρετής	inventor
ἐφικνέομαι	to come (to)
ἐφίστημι	to approach
ἐφκάθετος	(n.) spy
ἐφφαθά	ephphatha!
Ἐφραίμ	Ephraim
ἐπί	(gen.) on
ἐπιβάλλω	(tr.) to throw over
ἐπιβαρέω	to burden
ἐπίβλημα	patch
ἐπιβοάω	to cry out loudly
ἐπιβουλή	plan
ἐπιχειρέω	to attempt
ἐπιχείρησις	attempt
ἐπιχορηγία	support
ἐπιδιατάσσομαι	to add to (a covenant)
ἐπιείκεια	gentleness
ἐπιεικής	gentle
ἐπίγειος	being on the earth
ἐπιγίνομαι	to come up
ἐπίγνωσις	knowledge
ἐπιγραφή	inscription
ἐπιγράφω	(act.) to write
ἐπικαλέω	(act./pass.) to call (upon)
ἐπικάλυμμα	cover-up
ἐπικαλύπτω	(pass.) to be covered
ἐπικατάρατος	cursed
ἐπικεφάλαιον	(poll) tax
Ἐπικούρειος	Epicurean
ἐπικουρία	help
ἐπικρίνω	to decide
ἐπιλέγω	(pass.) to be called
ἐπιλησμονή	forgetfulness
ἐπίλοιπος	remaining
ἐπιλύω	to explain
ἐπίλυσις	interpretation
ἐπιμέλεια	needs
ἐπιμελῶς	carefully
ἐπινεύω	to accept
ἐπίνοια	thought
ἐπιορκέω	to break an oath
ἐπίορκος	perjured
ἤπιος	gentle
ἐπιφαίνω	(act.) to appear
ἐπιφάνεια	appearing
ἐπιφανής	glorious
ἐπιφέρω	to bring upon
ἐπιφώσκω	to dawn
ἐπιπίπτω	to fall upon
ἐπιπορεύομαι	to come to
ἐπιπόθησις	longing (for)
ἐπιπόθητος	longed for
ἐπιποθία	longing
ἐπίσημος	notorious
ἐπισιτισμός	food
ἐπισκιάζω	to cast a shadow
ἐπισκοπή	coming
ἐπίσκοπος	overseer or bishop
ἐπισπάομαι	to (attempt to) conceal circumcision
ἐπισφαλής	dangerous
ἐπίστασις	stirring up
ἐπιστάτης	master
ἐπιστολή	letter
ἐπιστροφή	conversion
ἐπισυναγωγή	gathering
ἐπιταγή	command
ἐπιτάσσω	to command
ἐπιτήδειος	needful
ἐπιτελέω	to finish
ἐπιθανάτιος	condemned to die
ἐπίθεσις	laying on
ἐπιθυμητής	one who desires
ἐπιθυμία	desire
ἐπιτιμία	punishment
ἐπιτροπή	commission
ἐπιτροπεύω	to be governor
ἐπίτροπος	foreman
ἐποικοδομέω	to build up
ἐπονομάζω	(pass.) to be called
ἐπόπτης	eyewitness
ἐπουράνιος	heavenly
Ἤρ	Er
Ἔραστος	Erastus
ἔρχομαι	to come
ἐρημία	remote place
ἐρημόω	(pass.) to be brought to ruin
ἤρεμος	deserted
ἐρήμωσις	desolation
ἐρίφιον	goat
ἔριφος	(young) goat
ἔρις	quarrel
ἐριθεία	selfish ambition
ἐρωτάω	to ask
ἐρυθρός	red
Ἠσαίας	Isaiah
Ἠσαῦ	Esau
ἐσχάτως	last (of a series)
ἔσω	in
ἔσοπτρον	mirror
ἐσώτερος	inner
ἔσωθεν	from within
ἐσσόομαι	to be inferior
ἐσθής	clothing
ἔσθησις	government
ἐσθίω	to eat
ἔσθω	to eat
ἐθελοθρησκία	self-imposed religion
ἐθίζω	(pass.) to be accustomed
ἐθνάρχης	governor
ἐθνικῶς	pagan
ἔθνος	Gentile
ἦθος	custom
ἔτι	still
ἤτοι	(in a series) whether...or
εὐαγγέλιον	gospel
εὐαγγελιστής	evangelist
εὐαρέστως	pleasing
Εὔβουλος	Eubulus
εὐχαριστία	expression of thanks
εὐχάριστος	thankful (in word and attitude)
εὐδία	fair weather
εὐδοκέω	to be well pleased
εὐδοκία	goodwill
εὐεργεσία	act of kindness
εὐεργετέω	to do good to
εὐεργέτης	benefactor
εὐγενής	of noble birth
εὐγλωττία	glibness
εὐκαιρία	opportunity
εὐκαίρως	opportune
εὔκοπος	easy
εὐλάβεια	reverence
εὐλαβής	devout
εὐλογία	blessing
εὐμετάδοτος	generous
Εὐνίκη	Eunice
εὐνουχίζω	to emasculate
εὐνοῦχος	eunuch
εὐωχία	banquet
εὐωδία	Euodia
εὐοδόω	(pass.) to get along with
εὐώνυμος	left (direction)
εὐπάρεδρος	devoted
εὐπειθής	submissive
εὐπερισπαστος	easily distracting
εὐπερίστατος	easily entangling
εὐφημία	good report
εὔφημος	admirable
εὐφραίνω	(act.) to cause celebration
Εὐφράτης	Euphrates
εὐφροσύνη	joy
εὐποιΐα	doing good
εὐπορία	prosperity
εὐπρέπεια	beauty
εὐπρόσδεκτος	acceptable
εὐπρόσεδρος	constant
εὐψυχέω	to be cheerful
εὐρακύλων	northeast wind
εὐρύχωρος	broad
εὐσχήμων	presentable
εὐσχημονέω	to behave in an affected manner
εὐσχημόνως	decently
εὐσχημοσύνη	modesty
εὐσέβεια	godliness
εὐσεβής	devout
εὐσεβῶς	in a godly manner
εὔσημος	intelligible
εὔσπλαγχνος	compassionate
εὐθέως	immediately
εὔθετος	fit
εὐθύμως	encouraged
εὐθύς	immediately
εὐθύτης	righteousness
εὐτραπελία	coarse joking
Εὔτυχος	Eutychus
ἐξαγοράζω	(act.) to redeem
ἐξαίφνης	suddenly
ἐξαιρέω	(act.) to gouge
ἐξαίρω	to expel
ἐξαιτέω	(mid.) to ask for
ἐξανάστασις	resurrection
ἐξαγγέλλω	to declare
ἐξαπατάω	to deceive
ἐξάπινα	suddenly
ἐξαπορέω	(mid.) to despair
ἐξαρτάω	to be attached to
ἐξαρτίζω	to finish
ἐξαστράπτω	to flash like lightning
ἐξαυτῆς	immediately
ἐξηχέω	(pass.) to ring out
ἐξελέγχω	to convict
ἐξέλκω	(pass.) to be dragged away
ἔξεστιν	it is legal
ἐξίστημι	to amaze
ἔξω	out
ἐξοχή	leading
ἔξοδος	exodus
ἐξολεθρεύω	(pass.) to be completely cut off from
ἐξομολογέομαι	(act.) to consent
ἐξορκιστής	one driving out evil spirits
ἐξορκίζω	to charge under oath
ἐξορύσσω	to dig through
ἐξώτερος	outside
ἔξωθεν	from the outside
ἐξωθέω	to drive out
ἐξουδενέω	(pass.) to be rejected
ἐξουδενόω	(pass.) to be rejected
ἐξουσία	authority
ἐξουσιαστικός	authoritative
ἐξουθενόω	despise
ἔξυπνος	awake
γ	letter of the Greek alphabet
Γαββαθᾶ	Gabbatha
Γαβριήλ	Gabriel
Γάδ	Gad
Γαδαρηνός	Gadarene
Γάι&ος	Gaius
γάλα	milk
Γαλάτης	Galatian
Γαλατία	Galatia
Γαλατικός	Galatian
γαλήνη	calm
Γαλιλαία	Galilee
Γαλιλαῖος	Galilean
Γαλλία	Gaul
Γαλλίων	Gallio
Γαμαλιήλ	Gamaliel
γαμίσκω	(pass.) to be given in marriage
γάγγραινα	gangrene
γάρ	shows inference or continuation: for
γαστήρ	belly
γῆ	emphatic particle: indeed
Γεδεών	Gideon
γέεννα	Gehenna
γείτων	neighbor
γέλως	laughter
γεμίζω	to fill
γέμω	to be full
γενεά	generation
γενεαλογία	genealogy
γένημα	fruit
γενέσια	birthday (a day that was celebrated)
γένεσις	birth
γενετή	birth
γενέθλιος	pertaining to birth
γεννάω	to become the father of
γέννημα	offspring
Γεννησαρέτ	Gennesaret
γέννησις	birth
γεννητός	pertaining to birth
γένος	family
γεωργέω	to farm
γεώργιον	(farmer's) field
γεωργός	farmer
γῆρας	old age
Γερασηνός	Gerasene
Γεργεσηνός	Gergesene
γέρων	old person
γερουσία	assembly of the elders
Γεθσημανί	Gethsemane
γίνομαι	to be
γλεῦκος	(sweet) wine
γλωσσόκομον	container for money
γλυκύς	sweet
γναφεύς	bleacher
γνησίως	true
γνώμη	purpose
γνόφος	darkness
γνώριμος	acquainted with
γνῶσις	knowledge
γνώστης	one well acquainted with
γνωστός	known
γόης	imposter
Γώγ	Gog
Γολγοθᾶ	Golgotha
Γόμορρα	Gomorrah
γόμος	cargo
γονεύς	(pl.) parents
γογγυσμός	complaint
γογγυστής	grumbler
γωνία	corner
γόνυ	knee
γράμμα	letter (of the alphabet)
γραμματεύς	teacher or expert in the law
γραώδης	old wives' tale
γραφή	(s.) a passage of Scripture
γυμνητεύω	to be poorly dressed
γυμνιτεύω	to be in ragged clothing
γυμνός	naked
γυμνότης	nakedness
γυναικεῖος	feminine
Ἅβελ	Abel
Ἅχας	Ahaz
ᾅδης	Hades
ἁδρότης	liberal gift
Ἅγαβος	Agabus
Ἁγάρ	Hagar
ἁγιασμός	holiness
ἅγιος	holy (moral quality)
ἁγιωσύνη	holiness
ἁγιότης	holiness
ἁγνεία	purity
ἁγνισμός	purification
ἁγνῶς	pure (in some contexts morally pure)
ἁγνότης	purity
αἷμα	blood
αἱματεκχυσία	shedding
αἱμορροέω	to be subject to bleeding
αἱρέω	to choose
αἵρεσις	sect (religious party)
αἱρετικός	divisive
αἱρετίζω	to choose (for the purpose of showing special favor)
ἅλα	salt
ἅλας	salt
ἁλιεύω	to catch fish
ἁλιεύς	fisherman (by occupation)
ἁλληλουι&ά	hallelujah
ἅλων	threshing floor
ἅλωσις	capture
Ἁλφαῖος	Alphaeus
ἅλς	salt
ἁλυκός	salt spring
ἅλυσις	chain (the state of imprisonment)
ἁμάρτημα	sin
ἁμαρτία	sin
ἁμαρτωλός	(a.) sinful
Ἁνανίας	Ananias
Ἅννα	Anna
Ἅννας	Annas
ἁπαλός	tender (referring to sprouts)
ἅπας	all
ἅπαξ	once
ἁφή	ligament
ἁπλῶς	generously
ἁπλότης	Formally <i>the quality of singleness
ἁπλοῦς	good in the sense of healthy
Ἁρέτας	Aretas
Ἁριμαθαία	Arimathea
ἅρμα	chariot
Ἁρμαγεδών	Armageddon
ἁρμός	joint (where bones connect)
ἁρπαγή	greediness
ἁρπαγμός	something to hold onto
ἅρπαξ	swindling
ἁρπάζω	to catch
ἑαυτοῦ	himself
ἑβδομήκοντα	seventy
ἑβδομηκοντάκις	seventy times
ἕβδομος	seventh
Ἑβραι&κός	Hebrew
Ἑβραῖος	a Hebrew
Ἑβραΐς	Aramaic
Ἑβραι&στί	in Aramaic
ἡδέως	gladly
ἡδονή	pleasure
ἑδραίωμα	foundation
ἑδραῖος	firm
ἡδύοσμον	mint
ἡγεμών	ruler
ἡγεμονία	reign
εἵνεκεν	because of
εἷς	one
ἕκαστος	each
ἑκάστοτε	always
ἑκατόν	hundred
ἑκατονταετής	a hundred years old
ἑκατονταπλασίων	a hundred times
ἑκατοντάρχης	centurion
ἑκατόνταρχος	centurion
ἥκω	to come
ἕκτος	sixth
ἡλικία	life
ἡλίκος	how much
ἥλιος	sun
ἑλκόω	(pass.) to be covered with sores
ἕλκος	sore
ἑλκύω	to drag
Ἑλλάς	Greece
Ἕλλην	Greek
Ἑλληνικός	Greek (language)
Ἑλληνίς	Greek
Ἑλληνιστής	Grecian Jew
Ἑλληνιστί	in Greek (language)
ἧλος	nail (used in crucifixion)
ἡμεῖς	see ἐγώ
ἡμέρα	day
ἡμέτερος	our
ἡμιώριον	half an hour
ἥμισυς	half (temporal and spacial)
ἡμιθανής	half dead
Ἑμμώρ	Hamor
ἕνδεκα	eleven
ἑνδέκατος	eleventh
ἕνεκα	for the sake of
ἕνεκεν	for
Ἑνώχ	Enoch
ἑορτάζω	to celebrate a festival
ἑορτή	feast
ἑπτά	seven
ἑπτάκις	seven times
ἑπτακισχίλιοι	seven thousand
ἑπταπλασίων	sevenfold
Ἑρμᾶς	Hermas
ἑρμηνεία	interpretation
Ἑρμῆς	Hermes
Ἑρμογένης	Hermogenes
Ἡρῴδης	Herod
Ἡρῳδιανοί	Herodians
Ἡρῳδιάς	Herodias
Ἡρῳδίων	Herodion
ἑρπετόν	reptile
Ἑσλί	Esli
ἑσπέρα	evening
ἑσπερινός	pertaining to the evening
Ἑσρώμ	Hezron
ἥσσων	for the worse
ἡσυχάζω	to be silent
ἡσυχία	quietness
ἡσύχιος	quiet
ἑταῖρος	friend
ἑτερόγλωσσος	speaking in a foreign language
ἑτέρως	other
ἑτοιμασία	readiness
ἑτοίμως	ready
ἡττάομαι	to be mastered
ἥττημα	loss
ἥττων	for the worse
Εὕα	Eve
εὑρίσκω	(act.) to find
ἕξ	six
ἑξακόσιοι	six hundred
ἑξήκοντα	sixty
ἑξῆς	next
ἕξις	constant use
Ἑζεκίας	Hezekiah
ἱδρώς	sweat
Ἱεράπολις	Hierapolis
ἱερατεία	priestly office
ἱεράτευμα	priesthood
ἱερεύς	priest
ἱερόν	temple
ἱεροπρεπής	reverent
ἱερός	sacred
Ἱεροσόλυμα	Jerusalem
Ἱεροσολυμίτης	inhabitant of Jerusalem
ἱερόσυλος	temple robber
ἱερωσύνη	priesthood
ἱερόθυτος	sacrificed to pagan gods
ἱκανός	sufficient
ἱκανότης	competence
ἱκετηρία	petition
ἱλαρός	cheerful
ἱλαρότης	cheerfully
ἱλάσκομαι	(mid.) to make atonement for
ἱλασμός	atoning sacrifice
ἱλαστήριον	atoning sacrifice
ἵλεως	forgiving
ἱμάς	(leather) thong
ἱμάτιον	clothing
ἱματισμός	clothing
ἱματίζω	(pass.) to be dressed
ἱμείρομαι	to desire
ἵνα	a marker that shows purpose or result: in order that
ἱππεύς	horseman
ἱππικός	mounted (troops)
ἵππος	horse
ἵστημι	(intr.) to stand
ἱστίον	sail
ὁ	(often not translated) the
ὧδε	this (one)
ὁδηγός	guide
ὁδοιπορέω	to be on a journey
ὁδοιπορία	journey
ὁδός	road
ὁλοκαύτωμα	burnt offering
ὁλοκληρία	completeness
ὅλως	all
ὁλοτελής	through and through
ὁμίχλη	mist
ὁμιλία	company
ὅμιλος	crowd
ὁμοιάζω	to be like
ὁμοίωμα	likeness
ὁμοιοπαθής	like
ὁμοίως	like
ὁμοίωσις	likeness
ὁμοιότης	similarity
ὁμολογέω	to confess
ὁμολογία	confession
ὁμολογουμένως	beyond all question
ὁμόφρων	living in harmony with
ὅμως	just as
ὁμότεχνος	of the same trade
ὁπλίζω	(mid.) to arm oneself with
ὅπλον	instrument
ὅπως	that
ὥρα	hour
ὡραῖος	beautiful
ὅραμα	(supernatural) vision
ὅρασις	appearance
ὁρατός	pertaining to things visible
ὅριον	region
ὁρίζω	to determine
ὁρκίζω	to command
ὁρκωμοσία	oath
ὅρκος	oath
ὁρμή	plot
ὅρμημα	sudden violence
ὁροθεσία	exact place
ὡς	who
ὁσάκις	as often as
ὡσάν	as if
ὡσαννά	Hosanna! (exclamation of praise
ὡσαύτως	in the same way
Ὡσηέ	Hosea
ὡσεί	like
ὁσίως	holy
ὁσιότης	holiness
ὅσος	how great
ὥσπερ	whosoever
ὡσπερεί	like
ὥστε	a marker for introducing clauses: for this reason
ὅθεν	from where
ὅτι	that
οὕτως	this
Ῥαάβ	Rahab
Ῥαχάβ	Rahab
Ῥαχήλ	Rachel
Ῥαγαύ	Reu
Ῥαιφάν	Rephan
Ῥαμά	Ramah
Ῥεβέκκα	Rebekah
Ῥήγιον	Rhegium
Ῥεμφάν	Remphan
Ῥησά	Rhesa
Ῥοβοάμ	Rehoboam
Ῥόδη	Rhoda
Ῥόδος	Rhodes
Ῥωμαι&κός	Roman
Ῥωμαῖος	Roman
Ῥωμαι&στί	in Latin (language)
Ῥώμη	Rome
Ῥομφά	Rompha
Ῥουβήν	Reuben
Ῥοῦφος	Rufus
Ῥούθ	Ruth
υἱός	son
υἱοθεσία	adoption as sons
ὑακίνθινος	dark blue
ὑάκινθος	jacinth
ὑάλινος	of glass
ὕαλος	glass
ὕβρις	insult
ὑβριστής	insolent man
ὑδρωπικός	suffering from dropsy (edema
ὑδροποτέω	to drink water (exclusively)
ὑετός	rain
ὑγιαίνω	to be healthy
ὑγιής	healthy
ὑγρός	moist
ὕλη	forest
ὑμεῖς	see σύ
Ὑμέναιος	Hymenaeus
ὑμέτερος	(pl.) your
ὕμνος	hymn
ὑπακοή	obedience
ὕπανδρος	married
ὑπάντησις	meeting
ὕπαρξις	property
ὑπέχω	to experience
ὑπήκοος	obedient
ὑπεναντίος	opposing
ὑπέρ	(acc.) above
ὑπεραίρω	to become conceited
ὑπέρακμος	past one's prime
ὑπεράνω	far above
ὑπερβαλλόντως	more severely
ὑπερβολή	all-surpassing
ὑπερεκχύννω	(pass.) to be running over
ὑπερέκεινα	beyond
ὑπερεκπερισσῶς	beyond all measure
ὑπερεκπερισσοῦ	immeasurably
ὑπερηφανία	arrogance
ὑπερήφανος	proud
ὑπηρέτης	servant
ὑπερλίαν	exceedingly
ὑπεροχή	authority
ὑπέρογκος	boastful
ὑπερπερισσῶς	beyond all measure
ὑπερπλεονάζω	to be (greatly) abundant
ὑπερυψόω	to exalt to the highest place
ὕπνος	sleep
ὑπό	(gen.) by
ὑπόδειγμα	example
ὑπόδημα	sandal
ὑποδέω	(mid.) to put on (sandals)
ὑπόδικος	accountable
ὑπογραμμός	example
ὑποκάτω	(pp.*) under
ὑπόκρισις	hypocrisy (an extension of an actor in a play
ὑποκριτής	hypocrite (an extension of an actor in a play
ὑπόλειμμα	remnant
ὑπολείπω	(pass.) to be left
ὑπολήνιον	pit for a winepress
ὑπόμνησις	reminder
ὑπομονή	perseverance
ὑπόνοια	suspicion
ὑποφέρω	to endure
ὑποπνέω	to blow gently (of wind)
ὑποπόδιον	footstool
ὑπόστασις	confidence
ὑποστέλλω	(act.) to draw back
ὑποστολή	shrinking back
ὑποταγή	obedience
ὑποτίθημι	(act.) to risk
ὑποτύπωσις	example
ὑποζύγιον	donkey
ὑψηλοφρονέω	to be arrogant
ὑψηλός	high
ὕψιστος	highest
ὕψωμα	height
ὕψος	height
ὗς	female pig
ὕσσωπος	hyssop
ὑσσός	javelin
ὑστέρησις	need
ὕστερος	(comp.) later
Ἰαχίν	Jachin
Ἰάι&ρος	Jairus
Ἰακώβ	Jacob
Ἰάκωβος	James
ἴαμα	healing
Ἰαμβρῆς	Jambres
Ἰανναί	Jannai
Ἰάννης	Jannes
ἰάομαι	(mid.) to heal
Ἰάρετ	Jared
ἴασις	healing
Ἰάσων	Jason
ἴασπις	jasper
ἰατρός	doctor
ἴχνος	step
ἰχθύδιον	little fish
ἰχθύς	fish
ἴδε	see!
ἰδέα	appearance
ἴδιος	one's own
ἰδιώτης	ordinary
ἰδού	look!
Ἰδουμαία	Idumea
Ἰεχονίας	Jeconiah
Ἰεφθάε	Jephthah
Ἰερεμίας	Jeremiah
Ἰεριχώ	Jericho
Ἰερουσαλήμ	Jerusalem
Ἰησοῦς	Jesus
Ἰεσσαί	Jesse
Ἰεζάβελ	Jezebel
ἰκμάς	moisture
Ἰκόνιον	Iconium
Ἰλλυρικόν	Illyricum
Ἰωανάν	Joanan
Ἰωάννα	Joanna
Ἰωάννης	John
Ἰωάς	Joash
Ἰωαθάμ	Jotham
Ἰώβ	Job
Ἰωβήδ	Obed
Ἰωδά	Joda
Ἰωήλ	Joel
Ἰωνάμ	Jonam
Ἰωνᾶς	Jonah
Ἰωνάθας	Jonathas
Ἰόππη	Joppa
Ἰωράμ	Jehoram
Ἰορδάνης	Jordan
Ἰωρίμ	Jorim
ἰός	poison
Ἰωσαφάτ	Jehoshaphat
Ἰωσήχ	Josech
Ἰωσήφ	Joseph
Ἰωσῆς	Joses
Ἰωσίας	Josiah
ἰῶτα	smallest letter (of the Greek alphabet)
Ἰουδαία	Judea
Ἰουδαι&κῶς	Jewish
Ἰουδαῖος	Jewish (people)
Ἰουδαι&σμός	Judaism
Ἰούδας	Judah
Ἰουλία	Julia
Ἰούλιος	Julius
Ἰουνιᾶς	Junias
Ἰοῦστος	Justus
ἶρις	rainbow
Ἰσαάκ	Isaac
Ἰσαχάρ	Issachar
ἰσάγγελος	like an angel
ἰσχύω	to be strong
ἰσχυρός	powerful
ἰσχύς	strength
Ἰσκαριώτης	Iscariot
Ἰσκαριώθ	Iscariot
ἰσόψυχος	like
ἴσως	equal
ἰσότης	equality
ἰσότιμος	as precious as
Ἰσραήλ	Israel
Ἰσραηλίτης	Israelite
Ἰσσαχάρ	Issachar
Ἰταλία	Italy
Ἰταλικός	Italian
Ἰτουραῖος	Iturea
κάβος	cab
κάδος	jar
κἀγώ	and I
καί	(as a connective) and
Και&άφας	Caiaphas
καίγε	even
Κάι&ν	Cain
Και&νάμ	Cainan
Και&νάν	Cainan
καινός	new
καινότης	newness
καίπερ	though
καιρός	time (particular and general)
Καῖσαρ	Caesar
Καισάρεια	Caesarea
καίτοι	and yet
καίτοιγε	although
κἀκεῖ	and there
κἀκεῖνος	and that one
κἀκεῖθεν	and from there
κακία	evil
κακοήθεια	malice
κακολογέω	to curse
κακοπάθεια	suffering
κακοποιέω	to do evil
κακῶς	evil
κάκωσις	oppression
κακουχέω	(pass.) to be mistreated
κακοῦργος	criminal
καλάμη	straw
κάλαμος	reed
καλέω	to call
καλλιέλαιος	cultivated olive tree
καλοδιδάσκαλος	teaching what is good
Καλοὶ Λιμένες	Fair Havens
καλοκαγαθία	nobility of character
καλοποιέω	to do what is right or good
καλῶς	good
καλύπτω	cover
κάμηλος	camel
κάμιλος	rope
κάμινος	furnace
καμμύω	close
κάμπτω	to bend
κἄν	and if
Κανά	Cana
Καναναῖος	Zealot
Κανανίτης	Canaanite
Κανδάκη	Candace
κανών	rule
καπηλεύω	to act as a peddler
Καπερναούμ	Capernaum
Καφαρναούμ	Capernaum
καπνός	smoke
Καππαδοκία	Cappadocia
καραδοκία	eager expectation
καρδία	heart
καρδιογνώστης	knower of the heart
κάρφος	speck
καρποφόρος	crop
καρπός	Carpus
κατά	(gen.) against
καταβάλλω	(pass.) to be struck down
καταβαρέω	to burden
καταβαρύνω	(pass.) to become heavy
κατάβασις	place that goes down
καταβιβάζω	to bring down
καταβοάω	to cry out
καταβολή	creation (of the world)
καταβραβεύω	to disqualify for a prize
κατάδηλος	clear
καταδέω	to bandage
καταδικάζω	to condemn
καταδίκη	condemnation
καταδυναστεύω	(act.) to exploit
καταγινώσκω	to condemn
κατάγνυμι	to break
κατάγω	to bring
καταγωνίζομαι	(mid.) to conquer
καταισχύνω	to dishonor
κατακαίω	to burn up
κατακαλύπτω	(mid.) to cover (the head)
κατακαυχάομαι	to boast about
κατακλάω	to break in pieces
κατακλίνω	(act.) to cause to sit
κατακλυσμός	flood
κατακλύζω	(pass.) to be deluged
κατακόπτω	to cut
κατάκριμα	condemnation
κατακρίνω	to condemn
κατάκρισις	condemnation
καταλαλιά	slander
κατάλαλος	slanderous
κατάλειμμα	remnant
καταλλαγή	reconciliation
κατάλοιπος	remaining
κατάλυμα	guest room
καταλύω	(tr.) throw down
καταμανθάνω	notice carefully
καταμαρτυρέω	to bring testimony against
καταμόνας	in private
καταναλίσκω	to consume
καταναρκάω	to burden
κατανάθεμα	curse
καταναθεματίζω	to curse
καταγγελεύς	advocate
καταντάω	to come to
κατανύσσομαι	to be pierced
κατάνυξις	stupor
κατάπαυσις	rest
καταπέτασμα	curtain
καταφέρω	to cast (a vote) against
καταφεύγω	to flee
καταφρονέω	to despise
καταφρονητής	scoffer
καταφθείρω	(pass.) to be depraved
καταπίμπρημι	to burn to ashes
καταπίπτω	to fall down
καταπονέω	(pass.) to be oppressed
καταποντίζω	(pass.) to be drowned
καταψηφίζομαι	to be enrolled
καταψύχω	to cool off
κατάρα	curse
καταράομαι	(mid.) to curse
καταριθμέω	(pass.) to be numbered among
κατάρτισις	perfection
καταρτισμός	preparation
κατάσχεσις	possession
κατασκάπτω	(act.) to tear down
κατασκήνωσις	nest
κατάσκοπος	spy
κατασοφίζομαι	to deal treacherously with
κατασφραγίζω	(pass.) to be sealed up
καταστέλλω	(act.) to quiet
κατάστημα	the way one lives
καταστολή	appearance
καταστρηνιάω	to be filled with desires that conflict with dedication to someone
καταστρώννυμι	(pass.) to be scattered
καταστροφή	ruin
κατασύρω	to drag away (by considerable force)
κατάθεμα	cursed thing
καταθεματίζω	to (call down a) curse
κατατίθημι	(mid.) to grant a favor
κατατομή	mutilation
καταξιόω	(pass.) to be counted worthy
κατηχέω	(act.) to instruct
κατήγωρ	accuser
κατηγορέω	to accuse
κατηγορία	(legal) charge
κατήγορος	accuser
κατείδωλος	full of idols / images
κατέναντι	ahead
κατενώπιον	in the sight of
κατήφεια	gloominess
κατεσθίω	to eat up
κατέσθω	to eat up
κατευλογέω	to bless (intensely)
κατεξουσιάζω	to exercise authority over
καθά	(just) as
καθαίρεσις	tearing down
καθάπερ	as
καθάπτω	to fasten
καθαρισμός	cleansing
κάθαρμα	scapegoat
καθαρός	clean
καθαρότης	cleanness
καθέδρα	seat
καθηγητής	teacher
καθήκω	to be fitting
καθημερινός	daily
καθεξῆς	in order
καθιστάνω	see <a href="S:καθίστημι"/>καθίστημι</a>
καθίζω	(tr.) to place
καθό	insofar as
καθολικός	general
καθόλου	at all
καθοπλίζω	(mid.) to fully arm or equip (oneself)
καθοράω	(pass.) to be clearly seen
καθώς	as
καθώσπερ	just as
καθότι	as
κατιόω	(pass.) to become corroded
κάτω	below
κατοικητήριον	dwelling place
κατοικίζω	to cause to live in
κατοπτρίζω	(mid.) to reflect or to look at
κατόρθωμα	success
κατώτερος	lower
καυχάομαι	to boast
καύχημα	something to boast about
καύχησις	boasting
Καῦδα	Cauda
καῦμα	(scorching) heat
καυματίζω	(act.) to scorch
καυματόω	to be scorched by the heat
καῦσις	burning
καύσων	(scorching) heat
καυσόω	(pass.) to be consumed by fire
καυστηριάζω	(pass.) to be seared as with a hot iron
καυτηριάζω	(pass.) to be seared with a hot iron
Κεδρών	Kidron
κέδρος	cedar tree
κειρία	strip of linen
κείρω	(act.) to shear (another)
κέλευσμα	(loud) command
Κεγχρεαί	Cenchrea
κενόδοξος	conceited
κενόω	to empty
κενοφωνία	chatter
κῆνσος	(poll) tax
κέντρον	sting
κεντυρίων	centurion
κεφάλαιον	the (main) point
κεφαλή	head (of a body)
κεφαλίς	section of a scroll
Κηφᾶς	Cephas (Aramaic for Peter)
κῆπος	garden
κηπουρός	gardener
κεραία	least stroke of a pen
κεραμεύς	potter
κεραμικός	pertaining to a potter
κεράμιον	clay jar
κέραμος	clay roof tile
κέρας	horn
κεράτιον	carob pod
κέρδος	gain
κέρμα	coin
κερματιστής	money exchanger
κήρυγμα	preaching
κῆρυξ	herald
κῆτος	huge fish
κιβώριον	ciborium
κιβωτός	ark
Κιλικία	Cilicia
Κίλιξ	Cilician
κινδυνεύω	to be in danger
κίνδυνος	danger
κίνησις	motion
κιννάμωμον	cinnamon
Κίς	Kish
κιθάρα	harp
κιθαρῳδός	harpist
κλάδος	branch
κλάω	to break
κλάσις	breaking
κλάσμα	broken piece
Κλαῦδη	Clauda
Κλαυδία	Claudia
Κλαύδιος	Claudius
κλείω	to close
κλείς	key
κλῆμα	branch (in context
Κλήμης	Clement
κλέμμα	theft
Κλεοπᾶς	Cleopas
κλέος	credit
κλέπτης	thief
κλέπτω	steal
κληρονομία	inheritance
κληρονόμος	heir
κληρόω	(pass.) to be chosen
κλῆρος	(casting) lots
κλῆσις	call
κλητός	called
κλίβανος	(fire of a) furnace
κλίμα	region
κλινάριον	bed
κλίνη	bed
κλινίδιον	bed
κλίνω	to bow down
κλισία	group reclining for a meal
Κλωπᾶς	Clopas
κλοπή	theft
κλύδων	raging waters
κλυδωνίζομαι	to be tossed back and forth by waves
κνήθω	(pass.) to feel an itch
Κνίδος	Cnidus
κοδράντης	penny
κοιλία	any and all internal organs
κοιμάω	(pass.) to fall asleep
κοίμησις	(noun) sleep
κοινωνία	fellowship
κοινωνός	partner
κοινός	common
κοίτη	(marriage) bed
κοιτών	bedroom
κόκκινος	scarlet
κόκκος	seed
κολακεία	flattery
κόλασις	punishment
Κολασσαεύς	Colossian
Κολασσαί	Colosse
κολλάω	(mid.) to join
κολλούριον	eye salve
κολλυβιστής	money exchanger
κολοβόω	to cut short
κῶλον	dead body
κολωνία	Roman colony
Κολοσσαεύς	Colossian
Κολοσσαί	Colosse
κόλπος	lap area: side
κολυμβήθρα	pool
κομίζω	(act.) to bring
κῶμος	orgy
κομψότερον	better
κονιάω	(pass.) to be whitewashed
κονιορτός	dust
κώνωψ	gnat
κοπάζω	to die down
κοπή	defeat
κοπετός	mourning
κόφινος	basket of various sizes and considered typical of the Jews
κόπος	labor
κοπρία	manure pile
κόπριον	fertilizer
κόπρος	dung
κόπτω	to cut
κοράσιον	(little) girl
κόραξ	raven
κορβᾶν	Corban
κορβανᾶς	temple treasury
Κόρε	Korah
κορέννυμι	(pass.) to be filled to the full
Κορίνθιος	Corinthian
Κόρινθος	Corinth
Κορνήλιος	Cornelius
κόρος	cor (dry measure between ten and twelve bushels)
Κώς	Cos
Κωσάμ	Cosam
κοσμικός	earthly
κόσμιος	respectable
κοσμοκράτωρ	(pl.) powers of the world
Κούαρτος	Quartus
κοῦμ	koum (Aramaic: stand up!)
κοῦμι	koumi (Aramaic: stand up!)
κουστωδία	guard
κράβαττος	bed
κράββατος	bed
κραιπάλη	dissipation
κρανίον	skull
κράσπεδον	edge
κραταιόω	(pass.) to be strong
κραταιός	mighty
κρατέω	to arrest
κράτιστος	most excellent
κράτος	power
κραυγή	crying out
κράζω	call out
κρέας	meat
κρείσσων	better
κρείττων	better
κρημνός	steep bank
Κρής	Cretan
Κρήσκης	Crescens
Κρήτη	Crete
κρίμα	judgment
κρίνω	to decide
κρίνον	lily
κρίσις	judgment (human or divine)
Κρίσπος	Crispus
κριτήριον	court of law
κριτής	judge
κριθή	barley
κρίθινος	made of barley (flour)
κριτικός	able to discern or judge
κρυφαῖος	hidden
κρυφῇ	in secret
κρύφιος	hidden
κρύπτη	hidden place
κρυπτός	hidden
κρυσταλλίζω	to be clear as crystal
κρύσταλλος	rock crystal
κτῆνος	(domestic) animal: donkey
κτήτωρ	(land) owner
κτίσις	creation
κτίσμα	creature
κτίστης	Creator
κτίζω	to create
κυβεία	cunning
κυβέρνησις	administration
κυβερνήτης	sea captain
κύκλῳ	all around
κυκλόθεν	(all) around
κυλίω	(mid.) to roll around
κυλλός	crippled
κύμβαλον	cymbal
κύμινον	cummin
κυνάριον	(little or domesticated) dog
κύων	dog
Κύπριος	from Cyprus
Κύπρος	Cyprus
Κυρηναῖος	from Cyrene
Κυρήνη	Cyrene
Κυρήνιος	Quirinius
κυρία	lady (female <i>lord</i>)
κυριακός	pertaining to the Lord
κύριος	lord
κυριότης	authority
λάχανον	plant
λαῖλαψ	storm
λακάω	to burst open
λαλιά	speech
λαμά	lama (Hebrew: why?)
Λάμεχ	Lamech
λαμπάς	lamp
λαμπρῶς	bright
λαμπρότης	brightness
λαγχάνω	to choose by lot
Λαοδίκεια	Laodicea
Λαοδικεύς	Laodicean
λαός	people
λάρυγξ	throat
Λασαία	Lasea
Λασέα	Lasea
λάσκω	to burst open
λάθρᾳ	secretly
λατομέω	to cut
λαξευτός	cut in rock
Λάζαρος	Lazarus
Λεββαῖος	Lebbaeus
λεγιών	legion
λέγω	say
λεῖμμα	remnant
λεῖος	smooth
λειτουργία	religious service
λειτουργικός	ministering
λειτουργός	servant
Λέκτρα	Lectra
λεμά	lama (Aramaic: why?)
λῆμψις	receiving
λέων	lion
λεπίς	scale
λέπρα	leprosy
λεπρός	leprous
λῆψις	receiving
λῆρος	nonsense
λῃστής	robber
λήθη	forgetfulness
Λευί	Levi
Λευίς	Levi
Λευίτης	Levite
Λευιτικός	Levitical
λευκαίνω	to bleach
λίβανος	frankincense
λιβανωτός	censer (bowl for burning incense)
Λιβερτῖνος	Freedman
Λιβύη	Libya
Λιβυστῖνος	Libyan
λικμάω	to crush
λιμήν	harbor
λίμνη	lake
λιμός	hunger
λίνον	linen (garment)
Λίνος	Linus
λιπαρός	costly
λίψ	southwest
λίθινος	made of stone
λίθος	stone
λιθόστρωτος	(n.) stone pavement
λίτρα	(Roman) pound (about 12 oz. or 327 gr.)
λογεία	collection
λογικός	spiritual
λόγιον	(pl.) words
λόγιος	learned
λογισμός	thought
λογίζομαι	to credit
λογομαχία	quarrel about words
λοιδορία	insult
λοίδορος	slanderer
λοιμός	pestilence
λοιπός	remaining
Λωΐς	Lois
λόγχη	spear
Λώτ	Lot
Λουκᾶς	Luke
Λούκιος	Lucius
λυχνία	lampstand (not a candlestick)
λύχνος	lamp
Λύδδα	Lydda
Λυδία	Lydia
Λυκαονία	Lycaonia
Λυκαονιστί	in (the) Lycaonian (language)
Λυκία	Lycia
λυμαίνω	to destroy
λύπη	sorrow
λυπέω	(act.) to cause sorrow
Λυσανίας	Lysanias
Λυσίας	Lysias
λύσις	divorce
λυσιτελέω	to be advantageous
Λύστρα	Lystra
λύτρον	ransom
λύτρωσις	redemption
λυτρωτής	deliverer
Μάαθ	Maath
μάχαιρα	(short) sword
μάχη	quarrel
μάχομαι	to fight
Μαδιάμ	Midian
Μαγαδάν	Magadan
Μαγδαλά	Magdala
Μαγδαληνή	Magdalene
Μαγε(δ)δών	Megiddo
μαγεία	magic
Μαγώγ	Magog
μάγος	sorcerer
Μαι&νάν	Mainan
μακάριος	blessed (receiving God's favor)
μακαρισμός	blessedness
μακαρίζω	to call blessed
Μακεδών	Macedonian
Μακεδονία	Macedonia
μάκελλον	meat market
μακράν	far away
μακροχρόνιος	pertaining to having a long life
μακρός	lengthy
μακρόθεν	from a distance
μακροθυμία	patience
μακροθύμως	patiently
μαλακία	sickness
μαλακός	fine
Μάλχος	Malchus
Μαλελεήλ	Mahalalel
μάλιστα	especially
μᾶλλον	more
μάμμη	grandmother
Μαναήν	Manaen
Μανασσῆς	Manasseh
μανία	insanity
μάννα	manna
μαραίνω	(pass.) to fade away
μαράνα θά	maranatha (Aramaic: <i>Come
μαργαρίτης	pearl
Μαρία	Mary
Μαριάμ	Mary
Μᾶρκος	Mark
μάρμαρος	marble
Μάρθα	Martha
μαρτυρία	testimony
μαρτύριον	testimony
μασθός	breast
μαστιγόω	to flog
μάστιξ	flogging device
μαστίζω	to flog
μαστός	breast
ματαιολογία	meaningless talk
ματαιολόγος	(n.) idle talker
ματαιόω	(pass.) to become futile
ματαιότης	emptiness
μάτην	in vain
μαθητής	disciple
μαθητεύω	(act./tr.) to teach
μαθήτρια	(female) disciple
Μαθουσάλα	Methuselah
Μαθθαῖος	Matthew
Μαθθάτ	Matthat
Μαθθίας	Matthias
Ματταθά	Mattatha
Ματταθίας	Mattathias
Ματθαῖος	Matthew
Ματθάν	Matthan
Ματθάτ	Mathat
Ματθίας	Matthias
μαζός	breast
μή	no
μηδαμῶς	surely not
μηδέ	nor
μηδείς	no one
μηδέπω	not yet
μηδέποτε	never
Μῆδος	Mede
μεγαλαυχέω	to become proud
μεγαλεῖος	(pl. n.) wonders
μεγαλειότης	majesty
μεγαλοπρεπής	majestic
μεγάλως	greatly
μεγαλωσύνη	majesty
μέγας	great
μήγε	not
μέγεθος	greatness
μεγιστάν	great man
μείζων	greater
μειζότερος	greater
μηκέτι	no longer
μῆκος	length
μηκύνω	(pass.) to grow (long)
μέλας	the color black
Μελχί	Melki
Μελχισέδεκ	Melchizedek
Μελεά	Melea
μέλει	(imper.) it is a care
μέλι	honey
μελίσσιος	pertaining to the bee
Μελίτη	Malta
μέλλω	to be about to
μέλος	part
μηλωτή	sheepskin
μεμβράνα	parchment
μέμφομαι	to find fault with
μεμψίμοιρος	fault-finding
μέμψις	a reason for complaint
μήν	often untranslated
Μεννά	Menna
μενοῦν	rather
μενοῦνγε	rather
μέντοι	but
μήπω	not yet
μήπως	so that...somehow
μήποτε	never
μήπου	lest
μερίς	district
μερισμός	dividing
μεριστής	arbiter
μηρός	part
μεσάζω	to be in the middle
μεσημβρία	(of time) noon
μεσίτης	mediator
μεσιτεύω	to confirm
μεσονύκτιον	midnight
μεσόω	to be halfway through
Μεσοποταμία	Mesopotamia
μέσος	middle
μεσότοιχον	dividing wall
μεσουράνημα	midair
Μεσσίας	Messiah
μεστόω	(pass.) to be filled
μεστός	full
μετά	(gen.) with
μεταβάλλω	(mid.) to change one's mind
μετακαλέω	(mid.) to send for
μετακινέω	(pass.) to be moved
μετάλημψις	receiving
μεταλλάσσω	to exchange
μεταμέλομαι	(mid.) to regret
μεταμορφόω	(pass.) to be transformed
μετάνοια	change of mind
μετασχηματίζω	(act.) to transform
μετάθεσις	removal
μετατίθημι	to change (from one place or position to another)
μετατρέπω	(pass.) to be changed
μεταξύ	(spacial) between
μήτε	and not
μετέπειτα	afterward
μήτηρ	mother
μέθη	drunkenness
μεθοδεία	scheming
μεθόριον	boundary
μεθύσκω	(pass.) to be or become drunk
μέθυσος	drunkard
μήτι	often not translated
μήτιγε	how much more
μετοχή	something in common
μέτοχος	sharing in
μετοικεσία	exile
μέτωπον	forehead
μητραλῴας	one who kills a mother
μετρητής	measure (about nine or ten gallons)
μετριοπαθέω	to deal gently
μετρίως	not greatly
μητρολῴας	one who kills a mother
μέτρον	measure
μητρόπολις	capital city
μίασμα	corruption
μιασμός	corruption
Μιχαήλ	Michael
μίγμα	mixture
μικρός	little
Μίλητος	Miletus
μίλιον	(Roman) mile (about 4
μιμητής	imitator
μισθαποδοσία	reward
μισθαποδότης	rewarder
μίσθιος	hired worker
μίσθωμα	rented house
μισθωτός	hired worker
Μιτυλήνη	Mitylene
μνᾶ	mina (100 drachmas or denarii
μνάομαι	be engaged
Μνάσων	Mnason
μνεία	remembrance
μνῆμα	(burial) tomb
μνήμη	remembrance
μνημόσυνον	memory
μνηστεύω	(pass.) to be pledged to marriage
μόδιος	large bowl (holds about eight dry quarts)
μογιλάλος	hardly able to talk
μόγις	scarcely ever
μοιχαλίς	adulteress
μοιχάω	to commit adultery
μοιχεία	(the state or condition of) adultery
μοιχεύω	(act.) to commit adultery
μοιχός	adulterer
Μολόχ	Molech
μολύνω	to defile
μολυσμός	contamination
μωμάομαι	(mid.) to criticize
μῶμος	blemish
μομφή	grievance
μονή	room
μογγιλάλος	pertaining to speaking in a hoarse or weak voice
μονογενής	one and only
μόνον	only
μονόω	(pass.) to be left alone
μονόφθαλμος	one-eyed
μόνος	only
μωραίνω	(act.) to make foolish
μωρία	foolishness
μωρολογία	foolish talk
μωρός	foolish
μορφή	form
μορφόω	(pass.) to be formed
μόρφωσις	embodiment
μόσχος	calf
Μωσεώς	Moses
Μωσῆς	Moses
μουσικός	(n.) musician
Μωϋσῆς	Moses
μυελός	marrow
μυέω	(pass.) to learn a secret
μυκτηρίζω	(pass.) to be mocked
μυλικός	pertaining to a grinding mill
μύλινος	pertaining to a grinding mill
μυλών	millhouse
μυλωνικός	pertaining to the millhouse
μύλος	hand mill or millstone for grinding
μυωπάζω	to be nearsighted
Μύρα	Myra
μυριάς	myriad
μύριοι	ten thousand
μυρίος	pertaining to the number ten thousand
μύρον	perfume
Μυσία	Mysia
μυστήριον	mystery
μῦθος	myth
Ναασσών	Nahshon
Ναχώρ	Nahor
Ναιμάν	Naaman
Ναΐν	Nain
Ναγγαί	Naggai
ναός	temple
Ναούμ	Nahum
νάρδος	nard
Νάρκισσος	Narcissus
Ναθάμ	Nathan
Ναθαναήλ	Nathanael
ναυαγέω	to be shipwrecked
ναύκληρος	ship owner or captain
ναῦς	ship
ναύτης	sailor
Ναζαρά	Nazareth
Ναζαρηνός	of Nazareth
Ναζαρέτ	Nazareth
Ναζαρέθ	Nazareth
Ναζωραῖος	Nazarene
νή	as surely as
Νέα πολις	Neapolis
Νεεμάν	Naaman
νεκρόω	(act.) to put to death
νεκρός	dead (can be used physically or fig.
νέκρωσις	death
νεωκόρος	guardian of the temple
νεομηνία	New Moon Celebration
νεόφυτος	newly converted
νέος	new
νεοσσός	the young (of a bird)
νεωτερικός	pertaining to youth
νηφαλέος	temperate (in the use of alcohol)
νηφάλιος	temperate (in the use of alcohol)
νεφέλη	cloud
νήφω	to be self-controlled
νέφος	cloud
νεφρός	mind
Νεφθαλίμ	Naphtali
νηπιάζω	to be (like) a child
νήπιος	(n.) child
Νηρεύς	Nereus
Νηρί	Neri
Νέρων	Nero
νησίον	small island
νῆσος	island
νηστεία	fasting
νηστεύω	to fast
νῆστις	hungry
Νεύης	Neues
Νίγερ	Niger
Νικάνωρ	Nicanor
Νικόδημος	Nicodemus
Νικολαΐτης	Nicolaitan
Νικόλαος	Nicolas
Νικόπολις	Nicopolis
Νινευή	Nineveh
Νινευι&v	Nineveh
Νινευίτης	Ninevite
νιπτήρ	basin for washing
Νῶε	Noah
νόημα	thought
νομή	pasture
νομικός	pertaining to the law
νομίμως	properly
νόμισμα	coin
νομοδιδάσκαλος	teacher of the law
νόμος	law
νομοθεσία	law
νομοθετέω	(pass.) to be given law
νομοθέτης	lawgiver
νόσημα	disease
νοσέω	to be unhealthy
νόσος	disease
νοσφίζω	(mid.) to hold back for oneself
νοσσιά	chick
νόθος	illegitimate
νωθρός	slow to learn
νῶτος	south
νουμηνία	New Moon Celebration
νοῦς	mind
νυχθήμερον	a night and a day
Νύμφα	Nympha
νύμφη	bride
νυμφίος	bridegroom
νυμφών	bridegroom
νῦν	now
νυνί	now
νυστάζω	to become drowsy
νύξ	night
ὦ	letter of the Greek alphabet
Ὠβήδ	Obed
ὀχετός	drain
ὀχλέω	(pass.) to be tormented
ὄχλος	crowd
Ὀχοζίας	Ahaziah
ὀχύρωμα	stronghold
ᾠδή	song
ὠδίν	labor
ὀδύνη	anguish
ὀδυρμός	deep sorrow
ὀγδοήκοντα	eighty
ὄγδοος	eighth
οἰκεῖος	belonging to the household
οἴκημα	cell
οἰκετεία	servant in a household
οἰκητήριον	dwelling
οἰκέτης	house servant
οἰκία	house
οἰκιακός	member of a household
οἰκοδεσπότης	head or owner of the house
οἰκοδομή	building
οἰκοδομέω	to build
οἰκοδομία	edification
οἰκοδόμος	builder
οἰκονομία	management
οἰκονόμος	manager
οἶκος	house
οἰκουμένη	the (inhabited) world
οἰκουργός	busy at home
οἰκουρός	staying at home
οἰκτίρμων	merciful
οἰκτιρμός	compassion
οἰνοφλυγία	drunkenness
οἰνοπότης	drunkard
ὀκνέω	to delay
ὀκνηρός	lazy
ὀκταήμερος	eighth day
ὀκτώ	eight
ὀ;λέθριος	deadly
ὄλεθρος	destruction
ὀλιγοπιστία	littleness of faith
ὀλιγόπιστος	of little faith
ὀλιγόψυχος	timid
ὀλίγως	little
ὀλοθρεύω	to destroy
ὀλοθρευτής	destroyer
Ὀλυμπᾶς	Olympas
ὄλυνθος	late fig
ὄμβρος	rainstorm (that may include thunder and lightning)
ὄμμα	eye
ὀμνύω	to declare an oath
ὦμος	(pl.) shoulders
ὄναρ	dream
ὀνειδισμός	disgrace
ὄνειδος	disgrace
ὠνέομαι	to buy
Ὀνήσιμος	Onesimus
Ὀνησίφορος	Onesiphorus
ὀνικός	pertaining to a donkey
ὄγκος	hinderance
ὄνομα	name
ὄνος	donkey (female or male)
ὄντως	really
ᾠόν	egg
ὀπή	hole
ὀφειλή	debt
ὀφείλημα	debt
ὀφειλέτης	debtor
ὠφελέω	to be of good use
ὄφελον	How I wish! How I hope!
ὄφελος	good
ὄφις	snake
ὀφρῦς	eyebrow
ὀφθαλμοδουλία	eye-service
ὀφθαλμός	eye
ὀπίσω	behind
ὄπισθεν	from behind
ὀπώρα	fruit
ὀψάριον	(small) fish
ὀψέ	in the evening
ὀψία	evening
ὄψιμος	late (in the season
ὄψιος	late
ὄψις	face
ὀψώνιον	pay
ὀπτάνομαι	(mid.) to appear
ὀπτασία	(supernatural) vision
ὀπτός	broiled
ὀρχέομαι	to dance
ὀρέγω	(mid.) to set one's heart on
ὀρεινός	hilly
ὄρεξις	lust
ὀργίλος	quick-tempered
ὀργίζω	(mid./pass.) to be angry
ὀργυιά	fathom (about six feet)
ὄρνεον	bird
ὄρνις	hen
ὄρος	hill
ὀρφανός	(n.) an orphan
ὀρθοποδέω	to act in line with (the truth)
ὀρθῶς	straight
ὀρθρινός	early in the morning
ὄρθριος	early in the morning
ὄρθρος	dawn
ὀρύσσω	to dig up
ὀσμή	fragrance
ὄσφρησις	sense of smell
ὀστέον	bone
ὀστοῦν	bone
ὀστράκινος	made of clay
ὠτάριον	ear
ὀθόνη	linen sheet
ὀθόνιον	(pl.) strips of linen
ὠτίον	ear
οὐ	no
οὐά	so!
οὐχί	not
οὐδαμῶς	by no means
οὐδέ	and not
οὐδείς	no one
οὐδέπω	not yet
οὐδέποτε	never
οὐκέτι	no longer
οὐκοῦν	so
οὖν	therefore
οὔπω	not yet
οὐρά	tail
οὐράνιος	heavenly
οὐρανός	sky
οὐρανόθεν	from heaven
Οὐρβανός	Urbanus
Οὐρίας	Uriah
οὖς	ear
οὔτε	and not
οὐθείς	no one
ὀξύς	sharp
Ὀζίας	Uzziah
παχύνω	to become calloused of heart
πάγος	hill
παιδαγωγός	guardian
παιδάριον	little boy
παιδεία	discipline
παιδεύω	instruct
παιδευτής	instructor
παιδίον	child
παιδιόθεν	from childhood
παιδίσκη	female servant
παιδόθεν	from childhood
παῖς	boy
Πακατιανός	Pacatian
πάλαι	long ago
παλαιόω	(act.) to make obsolete
παλαιός	old
παλαιότης	the old way
πάλη	struggle
πάλιν	again
παλιγγενεσία	renewal
Παμφυλία	Pamphylia
πανδοχεῖον	inn
πανδοχεύς	innkeeper
πανήγυρις	joyful assembly
πανοπλία	full armor
πανουργία	cunning
πανοῦργος	crafty
πανταχῇ	everywhere
πανταχόθεν	from every direction
πανταχοῦ	everywhere
πάντῃ	in every way
παντελής	complete
παντοκράτωρ	Almighty
πάντως	surely
πάντοτε	always
πάντοθεν	from all directions
Πάφος	Paphos
παρά	(gen.) from
παραβαίνω	to break
παραβάλλω	to come near (by ship)
παραβάτης	lawbreaker
παραβολή	parable
παραβουλεύομαι	to be careless
παραχειμασία	spending the winter
παραχρῆμα	immediately
παραδέχομαι	to accept
παράδεισος	paradise
παράδοξος	remarkable
παραγίνομαι	to come
παρακαλέω	to ask
παρακαλύπτω	(pass.) to be hidden
παρακαταθήκη	deposit
παράκειμαι	to be present
παράκλησις	encouragement
παράκλητος	counselor
παρακοή	disobedience
παρακύπτω	to bend over
παράλιος	(located) by the sea
παραλλαγή	change
παραλογίζομαι	to deceive
παραλύω	(pass.) to be paralyzed
παραλυτικός	(n.) paralytic
παραμένω	to continue
παραμυθέομαι	to comfort
παραμυθία	comfort
παραμύθιον	comfort
παραγγελία	order
παραφρονέω	to be out of one's mind
παραφρονία	madness
παραφροσύνη	madness
παραπικρασμός	rebellion
παραπίπτω	to fall away
παραπλησίως	(adv.) almost
παραρρέω	to drift away
παράσημος	distinguished
παρασκευάζω	(act.) to prepare
παρασκευή	Preparation Day
παραστάτις	supporter
παρατήρησις	careful observation
παραθαλάσσιος	by the lake
παραθήκη	deposit
παραθεωρέω	(pass.) to be overlooked
παρατίθημι	(act.) to set before
παραυτίκα	(a.) momentary
πάρδαλις	leopard
παρηγορία	comfort
πάρειμι	to be present
παρεισάγω	to bring in secretly
παρείσακτος	brought in secretly
παρεισέρχομαι	to come in
παρεισφέρω	to do one's best
παρεκτός	(adv.) besides
παρεμβάλλω	to build
παρεμβολή	camp
παρεπίδημος	(n.) stranger
πάρεσις	leaving unpunished
παριστάνω	see <a href="S:παρίστημι"/>παρίστημι</a>
Παρμενᾶς	Parmenas
πάροδος	passing by
παροικία	residence as a stranger
πάροικος	strange
παροιμία	figure of speech
πάροινος	drunken
παρομοιάζω	to be like
παρόμοιος	like
παροψίς	dish
παροργισμός	anger
παροργίζω	to anger
παρουσία	presence
παροξύνω	(intr.) to be greatly distressed
παροξυσμός	sharp disagreement
παρρησία	boldness
Πάρθοι	Parthian
πᾶς	all
πάσχα	Passover
πάσχω	to experience
Πάταρα	Patara
πατήρ	father
πάθημα	suffering
παθητός	subject to suffering
πάθος	lust
Πάτμος	Patmos
πατραλῴας	one who kills one's father
πατριά	family
πατριάρχης	patriarch
πατρικός	paternal
πατρίς	hometown
Πατροβᾶς	Patrobas
πατρολῴας	one who kills one's father
πατρῷος	ancestral
πατροπαράδοτος	handed down from forefathers
Παῦλος	Paul
παύω	(act.) to cause to stop
πῆχυς	measure of length: cubit
πηδάλιον	rudder
πέδη	foot shackle
πεδινός	level
πήγανον	rue (a garden herb)
πηγή	spring
πεινάω	to be hungry
πειρασμός	test
πεισμονή	persuasion
πείθω	to convince
πειθός	persuasive
πέλαγος	open sea
πελεκίζω	to behead
πηλίκος	how great
πηλός	mud
πέμπτος	fifth
πένης	poor
πενιχρός	poor
πεντάκις	five times
πεντακισχίλιοι	five thousand
πεντακόσιοι	five hundred
πέντε	five
πεντεκαιδέκατος	fifteenth
πεντήκοντα	fifty
πεντηκοστή	Pentecost
πενθερά	mother-in-law
πενθερός	father-in-law
πένθος	mourning
πεποίθησις	confidence
περ	an affix for various kinds of emphasis
Πέραια	Peraea
περαιτέρω	further
πέραν	on the other side
πέρας	end
Πέργαμος	Pergamum
Πέργη	Perga
περί	(gen.) about
περιάγω	(tr.) to take (a wife)
περιαστράπτω	to flash around
περιβάλλω	to dress
περιβόλαιον	covering
περίχωρος	neighboring
περιεργάζομαι	to be a busybody
περίεργος	meddlesome
περικαλύπτω	to blindfold
περικάθαρμα	scum
περικεφαλαία	helmet
περικρατής	secure
περικυκλόω	to encircle
περιλείπομαι	to be left
περίλυπος	overwhelmingly sorrowful
περιοχή	passage (of Scripture)
περίοικος	neighboring
περιούσιος	one's very own
περιφέρω	to carry
περιφρονέω	to despise
περιπίπτω	to fall into the hands of
περιποιέω	(mid.) to keep
περιποίησις	possession
περίψημα	refuse
περισπάω	(pass.) to be distracted
περισσεία	abundance
περίσσευμα	overflow
περισσῶς	exceeding
περισσοτέρως	more than
περιστερά	dove
περιτέμνω	to circumcise
περιτομή	circumcision
περιτρέπω	to drive (to insanity)
πέριξ	around
περιζώννυμι	to buckle a belt around
περιζωννύω	to buckle a belt around
πηρόω	to disable
πήρωσις	nearsightedness
περπερεύομαι	to boast
Περσίς	Persis
πέρυσι	from last year
πετεινόν	bird
πέτομαι	to fly
πέτρα	rock
πετρώδης	rocky
Πέτρος	Peter
πεζῇ	on foot
πεζός	on foot
φάγος	glutton
φαιλόνης	cloak
φαίνω	(act.) to shine
Φάλεκ	Peleg
φανερόω	(act.) to reveal
φανερῶς	visible
φανέρωσις	manifestation
Φανουήλ	Phanuel
φαντασία	pomp
φάντασμα	ghost
φαντάζω	(pass.) to become visible
Φαραώ	Pharaoh
Φαρές	Perez
Φαρισαῖος	Pharisee
φαρμακεύς	magician
φάρμακον	magic potion
φάρμακος	one who practices magical arts
φάσις	news
φάσκω	to claim
φάτνη	manger
φαῦλος	evil
φειδομένως	sparingly
Φῆλιξ	Felix
φελόνης	cloak
φήμη	news
φέγγος	light
φέρω	to bring
Φῆστος	Festus
φεύγω	flee
φιάλη	bowl
Φιλαδέλφεια	Philadelphia
φιλαδελφία	brotherly love
φιλάδελφος	loving as brothers
φιλάγαθος	loving what is good
φίλανδρος	loving one's husband
φιλανθρωπία	love
φιλανθρώπως	in kindness
φιλαργυρία	love of money
φιλάργυρος	money-loving
φίλαυτος	loving oneself
φιλήδονος	loving pleasure
φίλημα	kiss
Φιλήμων	Philemon
Φίλητος	Philetus
φιλία	friendship
Φιλιππήσιος	Philippian
Φίλιπποι	Philippi
Φίλιππος	Philip
Φιλόλογος	Philologus
φιλονεικία	dispute
φιλόνεικος	contentious
φιλοφρόνως	hospitably
φίλος	(a.) friendly
φιλοσοφία	philosophy
φιλόσοφος	philosopher
φιλόστοργος	devoted
φιλότεκνος	loving one's children
φιλόθεος	loving God
φιλοξενία	hospitality
φιλόξενος	hospitable
Φλέγων	Phlegon
φλόξ	flame
φλύαρος	gossipy
φοβέομαι	to fear
φοβερός	fearful
φόβητρον	fearful event
φόβος	fear
Φοίβη	Phoebe
Φοινίκη	Phoenicia
Φοῖνιξ	palm tree
φωλεός	hole (in the ground)
φωνέω	to call (out)
φονεύω	to commit murder
φονεύς	murderer
φόνος	murder
φόρον	forum
φόρος	tax
φορτίον	burden
φόρτος	cargo
Φορτουνᾶτος	Fortunatus
φῶς	light
φωσφόρος	light-bearing
φωστήρ	star
φωτεινός	full of light
φωτισμός	light
φραγελλόω	to flog
φραγμός	barrier
φράζω	to explain
φρήν	(pl.) thinking
φρεναπατάω	to deceive
φρεναπάτης	deceiver
φρόνημα	mind
φρονίμως	wise
φροντίζω	to be careful
φρύγανον	brushwood
Φρυγία	Phrygia
φθαρτός	perishable
φθείρω	to destroy
φθινοπωρινός	pertaining to the (late) autumn
φθονέω	to envy
φθόνος	envy
φθορά	perishableness
φυγαδεύω	(tr.) to cause to become a fugitive
φυγή	flight
Φύγελος	Phygelus
φυλακή	prison
φυλακτήριον	phylactery
φύλαξ	guard
φύλλον	leaf
φύραμα	lump (of clay)
φυσικῶς	pertaining to things of nature: natural
φυσίωσις	arrogance
φύσις	nature
φυτεία	plant
πιέζω	(pass.) to be pressed down
πικρία	bitterness
πικρῶς	bitter
Πιλᾶτος	Pilate
πίμπλημι	to fill
πινακίδιον	(small) writing tablet
πινακίς	(small) writing tablet
πίναξ	platter
πίνω	to drink
πιότης	richness
πίπτω	to fall
Πισιδία	Pisidia
Πισίδιος	Pisidian
πιστεύω	to believe
πιστικός	pure
πίστις	faith
πιστόω	(pass.) to be convinced of
πιστός	faithful
πιθανολογία	fine-sounding arguments
πιθός	persuasive
πλάνη	error
πλάνος	deceiving
πλαστός	made up
πλατεῖα	(main) street
πλάξ	stone tablet
πληγή	plague
πλέγμα	something braided or woven
πλήμμυρα	flood
πλήν	but
πλεονεκτέω	to exploit
πλεονέκτης	greedy person
πλεονεξία	greediness
πλήρης	full
πλήρωμα	fullness
πληροφορία	full assurance
πλησίον	near
πλησμονή	indulgence
πλήσσω	(pass.) to be struck
πλῆθος	large number
πλευρά	side (of the body)
πλοιάριον	(small) boat
πλοῖον	boat
πλοκή	braiding
πλουσίως	rich
πλουτέω	to be rich
πλοῦτος	riches
πνέω	to blow (of wind)
πνευματικῶς	spiritual
πνίγω	to choke or strangle
πνικτός	strangled
ποδήρης	reaching to the feet
ποδινιπτήρ	basin for washing feet
ποία	grass
ποιέω	to do
ποίησις	doing
ποιητής	doer
ποικίλος	of various kinds
ποιμήν	shepherd
ποίμνη	flock
ποίμνιον	flock
πολεμέω	to fight
πόλις	city
πολιτάρχης	city official
πολιτεία	citizenship
πολίτης	citizen
πολίτευμα	citizenship
πολλάκις	many times
πολλαπλασίων	many times as much
πῶλος	colt
πολυεύστλαγχνος	rich in compassion
πολύλαλος	talkative
πολυλογία	speaking many words
πολυμερῶς	at many times
πολυπλήθεια	large crowd
πολυποίκιλος	manifold
πολύς	many
πολύσπλαγχνος	full of compassion
πολυτελής	expensive
πολύτιμος	expensive
πολυτρόπως	in various ways
πόμα	drink
πονηρία	evil
πονηρός	bad
πόνος	pain
Ποντικός	from Pontus
Πόντιος	Pontius
πόντος	open sea
Πόπλιος	Publius
πώποτε	ever
πορεία	journey
πορεύω	to come
πορισμός	means of gain
Πόρκιος	Porcius
πόρνη	prostitute
πορνεία	sexual immorality
πορνεύω	to commit sexual immorality of any kind
πόρνος	one who is sexually immoral (male or female)
πώρωσις	hardening
πορφύρα	purple (cloth or robe)
πορφύρεος	purple
πορφυρόπωλις	dealer in purple cloth
πορφυροῦς	purple
πόρρω	far
πορρωτέρω	farther
πόρρωθεν	from a distance
πορθέω	to destroy
πως	how? in what way?
ποσάκις	how many times?
πόσις	drinking
πόσος	how great?
ποταμοφόρητος	swept away by a torrential flow of a river
ποταμός	river
ποταπῶς	of what kind?
ποτε	when? how long?
ποτήριον	cup
πόθεν	from where
Ποτίολοι	Puteoli
πότος	carousing
Πούδης	Pudens
πούς	foot
πρᾶγμα	thing
πραγματεία	(pl.) affairs
πραιτώριον	Praetorium
πράκτωρ	officer
πρᾶος	gentle
πραότης	gentleness
πρασιά	group
πράσσω	to do
πραυ&πάθεια	gentleness
πραΰς	gentle
πραΰτης	gentleness
πρᾶξις	deed
πρηνής	headlong
πρέπω	to be proper
πρεσβεία	delegation
πρεσβεύω	to be an ambassador
πρεσβυτέριον	body or council of the elders
πρεσβύτερος	older
πρεσβύτης	older man
πρεσβῦτις	older woman
πρίν	before
Πρίσκα	Prisca
Πρίσκιλλα	Priscilla
πρίζω	(pass.) to be sawn in two
πρό	(of place) before
προαιρέω	(mid.) to decide
προαύλιον	entryway
προβαίνω	(spacial) to go on
προβατικός	pertaining to sheep
προβάτιον	lamb
πρόβατον	sheep
προβιβάζω	(pass.) to be prompted
προβλέπω	(mid.) to plan
προχειρίζω	(mid.) to choose
προχειροτονέω	to choose beforehand
Πρόχορος	Procorus
πρόδηλος	obvious
πρόδρομος	going before
προέχω	(mid.) to be better off
προελπίζω	to be the first to hope
προενάρχομαι	to begin beforehand
προεπαγγέλλω	(mid.) to promise beforehand
προευαγγελίζομαι	to announce the gospel in advance
προγίνομαι	to commit beforehand
πρόγνωσις	foreknowledge
πρόγονος	(pl.) parents
πρωΐ	early in the morning
πρωΐα	early morning
πρώι&μος	early
πρωι&νός	early
προΐστημι	(act/mid) to manage
προκαλέω	(mid.) to provoke
προκαταρτίζω	to arrange for in advance
πρόκειμαι	(pass.) to be set before
προκοπή	progress
πρόκριμα	partiality
προκυρόω	to establish previously
πρόνοια	foresight
προπάτωρ	forefather
προπέμπω	to accompany
προπετής	rash
πρόφασις	excuse
προφέρω	to bring out
προφητεία	prophecy
προφήτης	prophet
προφητικός	prophetic
προφῆτις	prophetess
προφθάνω	to anticipate
πρῷρα	bow (of a vessel)
πρός	(gen.) to
προσάββατον	day before the Sabbath (Friday)
προσάγω	to bring to
προσαγωγή	access
προσαγορεύω	to designate
προσαιτέω	to beg
προσαίτης	beggar
προσανατίθημι	to add
προσχαίρω	to be glad
πρόσχυσις	sprinkling
προσδοκία	anticipation
προσεάω	to allow to go farther
προσήλυτος	Gentile convert (to Judaism)
προσεγγίζω	to approach
προσέρχομαι	to come to
προσεργάζομαι	to earn more
προσευχή	prayer
πρόσκαιρος	lasting only for a short time
προσκαλέω	(mid.) to call
προσκαρτέρησις	perseverance
προσκεφάλαιον	cushion
προσκληρόω	(pass.) to be joined with
πρόσκλησις	summons
προσκλίνω	(pass.) to be rallied to
πρόσκλισις	favoritism
προσκολλάω	(pass.) to be united to
πρόσκομμα	stumbling block
προσκοπή	stumbling block
πρόσλημψις	acceptance
πρόσληψις	acceptance
προσμένω	to be with
προσοχθίζω	to be angry
προσωπολημψία	favoritism
προσωπολήμπτης	one who shows favoritism
προσωποληψία	favoritism
προσωπολήπτης	one who shows favoritism
πρόσωπον	face
προσορμίζω	(pass.) to be anchored
πρόσπεινος	hungry
προσφάγιον	(little) fish
προσφάτως	new
προσφέρω	to bring to
προσφιλής	lovely
προσφωνέω	to call out
προσφορά	offering
προσπίπτω	to fall down before
προσποιέω	to act as if
προσπορεύομαι	to come to
προστάσσω	(act./mid.) to command
προστάτις	helper
προστίθημι	to add to
προτάσσω	to determine beforehand
πρότερος	before
πρωτεύω	to be supreme
πρόθεσις	setting forth: plan
προθεσμία	set time
προθυμία	eagerness
προθύμως	willing
προτίθημι	(mid.) to plan
πρωτοκαθεδρία	most important seat
πρωτοκλισία	place of honor
πρωτόμαρτυς	first martyr
πρῶτον	first
πρώτως	first (chronologically or in order of importance)
πρωτοστάτης	ringleader
πρωτοτόκια	inheritance rights (of the firstborn)
πρωτότοκος	firstborn (human or animal). In biblical culture
προτρέπω	to encourage
πρου&πάρχω	to exist formerly
πρύμνα	stern (of a vessel)
ψαλμός	Psalms (book of or section of OT)
ψηφίζω	to calculate
ψῆφος	stone
ψευδάδελφος	false brother
ψευδαπόστολος	false apostle
ψευδής	false
ψευδόχριστος	(pl.) false Christs
ψευδοδιδάσκαλος	false teacher
ψευδολόγος	false of speech
ψευδομαρτυρία	false testimony
ψευδόμαρτυς	false witness
ψευδώνυμος	falsely called or identified
ψευδοπροφήτης	false prophet
ψεῦδος	lie
ψεῦσμα	falsehood
ψεύστης	liar
ψιχίον	crumb
ψιθυριστής	gossip
ψίξ	bit
ψωμίον	piece of bread
ψωμίζω	to feed
ψυχή	life
ψυχικός	pertaining to the natural state: physical
ψύχω	(pass.) to grow cold
ψῦχος	cold
ψυχρός	cold
πτέρνα	heel
πτερύγιον	highest point
πτωχεία	poverty
πτωχεύω	to be or become poor
πτωχός	poor
πτοέω	(pass.) to be startled
πτόησις	something alarming
Πτολεμαΐς	Ptolemais
πτῶμα	dead body
πτῶσις	falling
πτύρω	(pass.) to be frightened
πτύσμα	saliva
πυγμή	fist
πυκνός	(a.) often
πυκτεύω	to fight with the fist
πύλη	(city) gate
πυλών	gate
πυνθάνομαι	to ask
πῦρ	fire
πυρά	fire
πυρέσσω	to burn with a fever
πυρετός	fever
πύρινος	fiery red
πυρόω	to burn
πύρωσις	burning
πυρράζω	to be red
Πύρρος	fiery red
Πύθων	spirit of divination
ῥαββί	Rabbi
ῥαββονί	Rabboni
ῥαββουνί	Rabboni
ῥαβδίζω	to beat with a rod
ῥάβδος	rod
ῥαβδοῦχος	officer
ῥᾳδιούργημα	crime
ῥαίνω	(pass.) to be sprinkled
ῥακά	Raca (a term of abuse
ῥάκος	piece of cloth
ῥαντισμός	sprinkling
ῥαφίς	needle
ῥάπισμα	slap
ῥέδη	carriage
ῥῆγμα	destruction
ῥήγνυμι	to burst
ῥέω	to flow
ῥήτωρ	lawyer
ῥητῶς	clearly
ῥιπίζω	(pass.) to be tossed about
ῥίζα	root
ῥιζόω	(pass.) to be rooted
ῥομφαία	(long) sword
ῥώννυμι	to be strong
ῥοπή	downward movement
ῥύμη	street
ῥυπαίνω	to be vile
ῥυπαρεύω	(pass.) to be fouled
ῥυπαρία	(moral) filth
ῥυπαρός	shabby
ῥυπόω	to defile
ῥύπος	dirt
ῥύσις	flow (of blood)
σαβαχθάνι	sabachthani (Aramaic: <i>you have forsaken me</i>)
Σαβαώθ	Almighty [<i>of Hosts</i>]
σαββατισμός	Sabbath-rest
σάββατον	Sabbath
Σαδδουκαῖος	Sadducee
Σαδώκ	Zadok
σαγήνη	(large) dragnet
σαίνω	(pass.) to be unsettled
σάκκος	sackcloth
Σαλά	Sala
Σαλαμίς	Salamis
Σαλαθιήλ	Shealtiel
Σαλείμ	Salamis
Σαλήμ	Salem
Σαλίμ	Salim
Σαλμών	Salmon
Σαλμώνη	Salmone
Σαλώμη	Salome
Σαλωμών	Solomon
Σαμάρεια	Samaria
Σαμαρίτης	Samaritan
Σαμαρῖτις	Samaritan
Σάμος	Samos
Σαμοθρᾴκη	Samothrace
Σαμουήλ	Samuel
Σαμφουρειν	Sepphoris
Σαμψών	Samson
σανδάλιον	sandal
σανίς	plank
Σαούλ	Saul
Σάπφιρα	Sapphira
σάπφιρος	sapphire stone
σαπρός	bad
Σάρδεις	Sardis
σάρδινος	carnelian
σάρδιον	carnelian (a reddish precious stone)
σαρδόνυξ	sardonyx (a variety of agate)
Σάρεπτα	Zarephath
σαργάνη	(large flexible) basket
σαρκικός	material
σάρκινος	fleshly
Σαρών	Sharon
Σαρούχ	Serug
Σάρρα	Sarah
σάρξ	flesh
Σατάν	Satan
Σατανᾶς	Satan
σάτον	seah (dry measure of about 12 quarts)
Σαῦλος	Saul
σβέννυμι	to extinguish
σχεδόν	nearly
σχῆμα	form
σχίσμα	tear
σχοινίον	(pl.) cords
σχολάζω	to devote oneself to
σχολή	lecture hall
σέβασμα	object of worship
σεβαστός	(a.) revered
σέβω	(mid.) to worship
σείω	to cause to shake
σειρά	chain
σειρός	pit
σεισμός	earthquake
Σεκοῦνδος	Secundus
σελήνη	moon
σεληνιάζομαι	(pass.) to have a seizure
Σελεύκεια	Seleucia
Σήμ	Shem
Σεμεΐν	Semein
σημεῖον	(miraculous) sign
σημειόω	(mid.) to take special note of
σεμίδαλις	finely ground flour
σεμνότης	holiness
Σέργιος	Sergius
σηρικός	silken
Σερούχ	Serug
σής	moth
Σήθ	Seth
σητόβρωτος	moth-eaten
σιαγών	cheek
σιαίνομαι	to be disturbed
Σιχέμ	Sychar
σιδήρεος	made of iron
σίδηρος	iron
σιδηροῦς	made of iron
Σιδών	Sidon
Σιδώνιος	Sidonian
σιγάω	to be or become silent
σιγή	silence
σικάριος	terrorist
σίκερα	fermented drink
Σίλας	Silas
Σιλωάμ	Siloam
Σιλουανός	Silas
Σιμαίας	Simaias
σιμικίνθιον	apron
Σίμων	Simon
Σινά	Sinai
σίναπι	mustard plant
σινδών	linen (cloth or garment)
Σιών	Zion
σιωπάω	to be quiet
σιωπῇ	quietly
σιρικός	made of silk
σιρός	dungeon
σιτευτός	fattened
σιτίον	(food made from) grain
σιτιστός	fattened
σιτομέτριον	measured allowance of food
σκανδαλίζω	to cause to sin
σκάνδαλον	stumbling block
σκάφη	lifeboat
σκάπτω	to dig
Σκαριώθ	Scarioth
σκέλος	leg
σκηνή	tabernacle
σκήνωμα	tent
σκηνοπηγία	(Feast of) Tabernacles
σκηνοποιός	tentmaker
σκῆνος	tent
σκέπασμα	clothing
Σκευᾶς	Sceva
σκευή	(ship's) tackle
σκεῦος	possession
σκιά	shadow
σκληροκαρδία	hardness of heart
σκληρός	hard
σκληρότης	hardness
σκληροτράχηλος	stiff-necked
σκωληκόβρωτος	eaten by worms
σκολιός	crooked
σκόλοψ	thorn
σκοπός	goal
σκορπίος	scorpion
σκοτεινός	dark
σκοτία	darkness
σκοτίζομαι	(pass.) to be or become dark
σκοτόω	(pass.) to be or become darkened
σκότος	darkness
σκύβαλον	rubbish
σκύλλω	to bother
σκῦλον	(pl.) spoils
Σκύθης	Scythian
σμαράγδινος	(of) emerald
σμάραγδος	emerald
Σμύρνα	myrrh
Σμυρναῖος	Smyrnaean
Σόδομα	Sodom
Σολομῶν	Solomon
σῶμα	body
σωματικῶς	bodily
Σώπατρος	Sopater
σώφρων	self-controlled
σωφρονέω	to be in a right state of mind
σωφρονισμός	self-discipline
σωφρόνως	in self-control
σωφροσύνη	propriety
σορός	coffin
σός	(s.) your
Σωσίπατρος	Sosipater
Σωσθένης	Sosthenes
σωτήρ	Savior
σωτηρία	salvation
σωτήριος	bringing salvation
σουδάριον	piece of cloth
Σουσάννα	Susanna
Σπανία	Spain
σπάω	(mid.) to draw (a sword)
σπαράσσω	to convulse
σπεῖρα	company of soldiers
σπεκουλάτωρ	executioner
σπήλαιον	den
σπένδω	(pass.) to be poured out like a drink offering
σπέρμα	seed
σπερμολόγος	babbler
σφαγή	slaughter
σφάγιον	offering for slaughter
σφραγίς	seal
σφυδρόν	ankle
σφυρόν	ankle or heel
σπιλάς	blemish
σπιλόω	to corrupt
σπίλος	stain
σπλάγχνον	inward parts of body: intestines
σποδός	ashes
σπόγγος	sponge
σπορά	seed
σπόρος	seed
σπουδαίως	zealous
σπουδάζω	to be eager
σπουδή	hurry
σπυρίς	basket
Στάχυς	head of grain
στάδιον	arena
στάμνος	jar
σταφυλή	(bunch of) grapes
στασιαστής	insurrectionist
στάσις	continuance
στατήρ	four-drachma coin
σταυρόω	to crucify
σταυρός	cross
στέγη	roof
στεῖρα	(state of) barrenness
στέλλω	(mid.) to avoid
στεναγμός	groan
στενοχωρέω	(pass.) to be crushed
στενοχωρία	distress
στενός	narrow
Στεφανᾶς	Stephanas
στεφανόω	to crown
στερέωμα	firmness
στερεός	solid
στηριγμός	security
στῆθος	chest
στιβάς	leafy branch
στίγμα	mark
στιγμή	instant
στίλβω	to dazzle
στοά	covered colonnade
στοιβάς	leafy branch
στοιχεῖον	principle
Στωι&κός	Stoic
στολή	(flowing) robe
στόμα	mouth
στόμαχος	stomach
στρατηγός	magistrate
στράτευμα	army
στρατεύομαι	(mid.) to serve as a soldier
στρατιά	host
στρατιώτης	soldier
στρατοπεδάρχης	military commander
στρατοπέδαρχος	military commander
στρατόπεδον	army
στρεβλόω	to distort
στρῆνος	luxury
στρουθίον	sparrow
στυγητός	hated
στυγνάζω	to be gloomy
στῦλος	pillar
Συχάρ	Sychar
Συχέμ	Shechem
συκάμινος	mulberry tree
συκῆ	fig tree
συκομορέα	sycamore-fig tree
σῦκον	fig
συκοφαντέω	to accuse falsely
συλλογίζομαι	to discuss together
συλλυπέω	(pass.) to be deeply distressed
συμβάλλω	to dispute with
συμβιβάζω	(pass.) to be held together
συμβουλεύω	to advise
συμβούλιον	plan
σύμβουλος	counselor
Συμεών	Simeon
συμμαθητής	fellow disciple
συμμέτοχος	sharing with
συμμιμητής	fellow imitator
συμμορφίζω	(pass.) to become like
σύμμορφος	conformed
συμπαραγίνομαι	(mid.) to come together
συμπαρακαλέω	(pass.) to be mutually encouraged
συμπάρειμι	to be present with
συμπαθής	sympathetic
σύμφημι	to agree with
συμφέρω	to bring together
συμφωνέω	to agree with
συμφώνησις	harmony
συμφωνία	music
σύμφωνος	mutually consenting
σύμφορος	beneficial
συμφορτίζω	to burden together with others
συμφυλέτης	(pl.) one's own countrymen
συμπίνω	to drink with
συμπίπτω	to collapse
συμπληρόω	(pass.) to be swamped
συμπνίγω	to choke
συμπολίτης	fellow citizen
συμποσία	common meal
συμπόσιον	group
συμπρεσβύτερος	fellow elder
συμψηφίζω	to calculate
συναγωγή	synagogue
συναιχμάλωτος	fellow prisoner
συναλίσκομαι	to be made captive together with
συναλίζω	to eat with
συναναβαίνω	to come with
συνανάκειμαι	to eat with
συναναμείγνυμι	to associate with
συναναπαύομαι	to find rest together
συναναστρέφομαι	to associate with
συνάντησις	meeting
συναπάγω	(pass.) to be led away
συναπόλλυμι	(mid.) to die with
συναποθνῄσκω	to die with
συναρμολογέω	(pass.) to be joined together
συναθλέω	to contend at one's side
συναθροίζω	to bring together
συγχέω	to baffle
συγχράομαι	to associate with
συγχύν(ν)ω	to baffle
συνδέω	(pass.) to be imprisoned with
σύνδεσμος	bond
σύνδουλος	fellow servant
συνδοξάζω	(pass.) to be glorified with
συνδρομή	running together
συνέχω	to cover (ears)
συνήδομαι	to delight in agreement
συνέδριον	Sanhedrin
συνέδριος	member of the council
συνείδησις	conscience
συνεισέρχομαι	to enter together with
συνεκλεκτός	chosen together with
συνελαύνω	to drive
συνηλικιώτης	person of one's own age
συνεπίσκοπος	fellow overseer
συνεπιτίθημι	(mid.) to join in an accusation
συνέπομαι	to accompany
συνέρχομαι	to come together
συνεργός	fellow worker
συνεσθίω	to eat with
συνήθεια	custom
συνετός	intelligent
συνευδοκέω	to approve of
συγγένεια	family
συγγενής	family
συγγενίς	(female) relative
συγγνώμη	concession
συνιστάω	see <a href="S:συνίστημι"/>συνίστημι</a>
συνίστημι	to commend
συγκακουχέομαι	(pass.) to be mistreated with
συγκαλέω	(act.) to call together
συγκαλύπτω	to conceal
συγκάμπτω	(pass.) to be bent over
συγκαταβαίνω	to come
συγκατανεύω	to agree
συγκαταψηφίζομαι	(pass.) to be added
συγκατάθεσις	agreement
συγκατατίθημι	(mid.) to consent
συγκεράννυμι	to combine
συγκλείω	to catch (fish hemmed up in a net)
συγκληρονόμος	inheriting together
συγκοινωνός	sharer
συγκομίζω	to bury
συγκρίνω	to express
συγκύπτω	to bend over
συγκυρία	event that just happens
συνοχή	anguish
συνοδία	company of travelers
συνοικοδομέω	(pass.) to be built up together
συνομορέω	to be next door to
συνωμοσία	plot
συνορία	neighboring country
συντάσσω	to command
συντεχνίτης	one who follows the same trade
συντέλεια	end
συντελέω	to finish
συντέμνω	to cut short
συνθάπτω	(pass.) to be buried with
συνθλάω	(pass.) to be broken to pieces
συνθρύπτω	to break
συντίθημι	(mid.) to agree
συντόμως	briefly
συντρίβω	to break
σύντριμμα	ruin
σύντροφος	brought up with (in a family)
Συντύχη	Syntyche
συντυχία	occurrence
συντυγχάνω	to come together with
Σύρα	Syrian woman
Συράκουσαι	Syracuse
Συρία	Syria
σύρω	to drag
Σύρος	Syrian
συρρήγνυμι	to dash together
Σύρτις	Syrtis
συσχηματίζω	(mid.) to conform to a pattern or mold
συσπαράσσω	to cause to convulse
σύσσημον	signal
σύσσωμος	co-member of a body
συστασιαστής	fellow insurrectionist
συστατικός	commendatory
συσταυρόω	(pass.) to be crucified with
συστοιχέω	to correspond
συστρατιώτης	fellow soldier
συστροφή	commotion
συζητέω	to discuss
συζήτησις	dispute
συζητητής	philosopher
ταβέρναι	tavern
Ταβιθά	Tabitha
τάχα	perhaps
ταχέως	quickly
ταχινός	swift
τάχος	quickness
ταχύς	quick
τακτός	appointed
ταλαιπωρία	misery
τάλαντον	talent (weight and monetary unit
ταλιθά	talitha (Aramaic: <i>little girl</i>)
ταμεῖον	room
ταμιεῖον	concerning the present
ταπεινόω	(act.) to humble (oneself)
ταπεινόφρων	humble
ταπεινοφροσύνη	humility
ταπεινός	humble
ταπείνωσις	humbleness
ταφή	burial place
ταραχή	disturbance
τάραχος	commotion
Ταρσεύς	Tarsus
Ταρσός	Tarsus
τάσσω	(act./mid.) to appoint
ταῦρος	bull
τάξις	order
τε	and
τέχνη	skill
τεχνίτης	craftsman
τεκμήριον	convincing proof
τεκνίον	dear children
τεκνογονία	childbearing
τέκνον	child
τεκνόω	to bear (a child)
τεκνοτροφέω	to bring up children
τήκω	(pass.) to be melted
τέκτων	carpenter
τηλαυγῶς	clearly
τελείως	perfect
τελείωσις	perfection
τελειωτής	perfection
τελέω	to finish
τελευτάω	to die
τελευτή	death
τηλικοῦτος	so great
τελώνης	tax collector
τελώνιον	tax collector's booth
τέλος	end
τηνικαῦτα	at that time
τήρησις	jail
Τέρτιος	Tertius
Τέρτουλλος	Tertullus
Τέρτυλλος	Tertullus
τεσσαρακονταετής	(of) forty years
τέσσαρες	four
τεσσαρεσκαιδέκατος	fourteenth
τεσσεράκοντα	forty
τεσσερακονταετής	(of) forty years
τεταρταῖος	fourth (day)
τέταρτος	fourth in a series or collection
τετρααρχέω	to be a tetrarch
τετραάρχης	tetrarch
τετράδιον	squad of four soldiers
τετράγωνος	square
τετρακισχίλιοι	four thousand
τετρακόσιοι	four hundred
τετράμηνος	(for) four months
τετραπλόος	four times (as much)
τετραπλοῦς	four times (as much)
τετράπους	four-footed
θάβιτα	girl
Θαδδαῖος	Thaddaeus
θάλασσα	sea
θάλπω	to care for
Θαμάρ	Tamar
θαμβέω	(pass.) to be amazed
θάμβος	amazement
θανάσιμος	deadly
θανατηφόρος	deadly
θάνατος	death
θάπτω	to bury
Θάρα	Terah
θαρσέω	take heart!
θάρσος	encouragement
θαυμάζω	to be amazed (at)
θεά	goddess
θέατρον	theatre
θειώδης	(yellow) as sulfur
θεῖον	sulfur
θεῖος	divine
θειότης	divine nature
θήκη	sheath
θέκλα	Thecla
θῆλυς	female
θεμέλιον	foundation
θεμέλιος	foundation
θεοδίδακτος	taught by God
θεολόγος	one who speaks of God or divine things
θεομαχέω	to fight against God
θεομάχος	fighting against God
Θεόφιλος	Theophilus
θεόπνευστος	God-breathed
θεωρία	sight
θεός	God
θεοσεβής	godly
θεοστυγής	God-hating
θεότης	Deity
θεραπεία	service
θεράπων	servant
θηρεύω	to catch in a mistake
θηριομαχέω	to fight wild animals
θηρίον	(wild) animal
θερισμός	harvest
θεριστής	harvester
θερμαίνω	(mid.) to keep warm
θέρμη	heat
θέρος	summer
θεσσαλία	Thessaly
Θεσσαλονίκη	Thessalonica
Θεσσαλονικεύς	Thessalonian
Θευδᾶς	Theudas
θλίβω	(act.) to press upon
θνῄσκω	(perf.) to have died
θνητός	mortal
Θωμᾶς	Thomas
θώραξ	breastplate
θορυβάζω	(pass.) to be upset
θραυματρίζω	to break
θραύω	(pass.) to be oppressed
θρέμμα	livestock
θρῆνος	dirge
θρησκεία	religion
θρησκός	religious
θρίξ	hair
θροέω	(pass.) to be alarmed
θρόμβος	drop
θρόνος	throne
θρύπτω	to break in pieces
Θυάτειρα	Thyatira
θύελλα	storm
θυγάτηρ	daughter
θυγάτριον	little daughter
θύι&νος	citron
θυμίαμα	incense
θυμιάω	to burn incense
θυμιατήριον	incense altar
θυμόω	(pass.) to become angry
θύρα	door
θυρεός	(long
θυρωρός	doorkeeper
θυσία	sacrifice
θυσιαστήριον	altar
Τιβεριάς	Tiberias
Τιβέριος	Tiberius
Τιμαῖος	Timaeus
τιμή	honor
τίμιος	precious
Τίμων	Timon
τιμωρία	punishment
Τιμόθεος	Timothy
τις	who?
τίθημι	(act.) to place
Τίτιος	Titius
τίτλος	sign
Τίτος	Titus
τοιγαροῦν	therefore
τοίνυν	then
τοιόσδε	such as this
τοιοῦτος	such
τόκος	interest (on a monetary loan)
τολμάω	to dare
τολμηρός	bold
τολμηρότερον	rather boldly
τολμηροτέρως	rather boldly
τολμητής	bold man
τομός	cutting
τόπος	place
τοσοῦτος	so great
τότε	then
τοὐναντίον	but
τοὔνομα	named
τουτέστι(ν)	that is to say
τόξον	bow (weapon)
τραχηλίζω	(pass.) to be laid bare
τράχηλος	neck
Τραχωνῖτις	Traconitis
τραχύς	rough
τράγος	male goat
τράπεζα	table
τραπεζίτης	banker
τραῦμα	(pl.) wounds
τρεῖς	three
Τρεῖς ταβέρναι	Three Taverns
τρῆμα	eye (the hole in a needle through which thread is passed)
τρέφω	to care for
τριάκοντα	thirty
τριακόσιοι	three hundred
τρίβολος	thistle
τρίβος	path
τρίχινος	made of hair
τριετία	(for) three years
τρίμηνος	a period of three months
τρίς	three times
τρισχίλιοι	three thousand
τρίστεγον	third story (of a building)
τρίτος	third
Τρῳάς	Troas
τροχιά	path
τρώγω	to eat
Τρωγύλλιον	Trogyllium
τροπή	shifting
τροφή	food
Τρόφιμος	Trophimus
τροφοφορέω	to care for (as a nurse)
τροφός	mother
τροποφορέω	to endure
τρόπος	manner
τρύβλιον	bowl
τρυγών	(pl.) doves
τρυμαλιά	eye (the tear-drop shaped hole of a needle through which thread is passed)
τρύπημα	eye (of a needle)
Τρύφαινα	Tryphena
τρυφή	luxury
Τρυφῶσα	Tryphosa
Τυχικός	Tychicus
τυμπανίζω	(pass.) to be tortured
τυφλόω	to cause blindness
τυφλός	blind
τύφω	(pass.) to smolder
τυφωνικός	of hurricane force
τυφόω	(pass.) to be or become conceited
τυπικῶς	as an example
τύπος	pattern
τύραννος	Tyrannus
τυρβάζω	(mid.) trouble oneself
Τύριος	Tyrian
Τύρος	Tyre
ξαίνω	to comb (wool)
ξενία	place to stay
ξένος	strange
ξηρός	dried up
ξέστης	pitcher
ξύλινος	made of wood
Ζαβουλών	Zebulun
Ζαχαρίας	Zechariah
Ζακχαῖος	Zacchaeus
ζάω	to be alive
Ζάρα	Zerah
Ζεβεδαῖος	Zebedee
ζηλεύω	to be earnest
ζηλόω	to desire
ζημία	loss
ζημιόω	(pass.) to forfeit
Ζηνᾶς	Zenas
ζεστός	hot
ζήτημα	question for discussion
ζήτησις	argument
ζεύγνυμι	to connect
ζευκτηρία	rope
Ζεύς	Zeus
ζωή	life
ζωγρέω	to capture (alive)
ζώνη	belt
ζώννυμι	to dress
ζωννύω	to dress
ζῷον	living creature
ζόφος	blackness
Ζοροβαβέλ	Zerubbabel
δέ	but, and, now
ἐν	in, on, among
εἰμί	to be, exist
ὅς	who, which, that
οὗτος	this, these
τίς	who? what? which?
ἤ	or, than
τέ	and, both
οὕτως	thus, in this way, so
μέν	on the one hand, indeed
ἄλλος	other, another
πρῶτος	first
πορεύομαι	to go, travel, live
ὅλος	whole, all, entire
πῶς	how? in what way?
καλός	good, beautiful, noble
ἕτερος	other, different
δίκαιος	righteous, just
ἔσχατος	last, final
κακός	bad, evil
ἄρα	then, therefore, so
ἔρημος	wilderness, desert; desolate
ὅμοιος	like, similar
μέρος	part, share, region
ἄξιος	worthy, deserving
ὀλίγος	little, few, small
ἔξεστιν	it is lawful, permitted
προσκαλέομαι	to call to oneself, summon
ποτέ	once, formerly, ever
πλούσιος	rich, wealthy
αἱρέομαι	to choose, prefer
βουλεύομαι	to deliberate, plan
γνήσιος	genuine, true, sincere
